generation number, individual number,fitness, string representation of candidate 
0, 0, [252.0, 617.0, 26250.0], [5, 6, 6, 6, 7, 5, 5, 2, 7, 7, 7, 7, 3, 4, 6, 6, 7, 1, 5, 4, 2, 3, 1, 7, 3, 3, 5, 7, 2, 7, 1, 2, 1, 7, 2, 3]
0, 1, [228.0, 606.0, 25625.0], [6, 6, 4, 6, 4, 6, 7, 5, 6, 7, 6, 1, 1, 7, 6, 7, 7, 6, 3, 6, 3, 5, 7, 7, 7, 5, 6, 7, 4, 3, 6, 5, 1, 7, 6, 3]
0, 2, [224.0, 595.0, 25625.0], [7, 6, 5, 7, 4, 5, 1, 6, 7, 7, 3, 3, 2, 2, 7, 5, 7, 1, 5, 7, 3, 7, 5, 7, 3, 7, 2, 7, 2, 6, 4, 4, 4, 7, 6, 5]
0, 3, [278.0, 616.0, 25000.0], [1, 7, 6, 6, 6, 5, 7, 5, 6, 7, 7, 1, 3, 7, 7, 3, 7, 1, 1, 1, 7, 5, 1, 6, 6, 1, 7, 7, 3, 1, 1, 1, 3, 7, 5, 4]
0, 4, [204.0, 576.0, 24375.0], [6, 7, 3, 2, 4, 3, 4, 2, 7, 7, 1, 1, 3, 5, 7, 5, 7, 4, 5, 1, 3, 2, 5, 6, 5, 7, 3, 7, 6, 2, 5, 3, 1, 7, 1, 1]
0, 5, [224.0, 615.0, 18125.0], [4, 6, 2, 6, 1, 2, 4, 7, 6, 7, 5, 2, 5, 4, 7, 5, 7, 6, 1, 3, 6, 3, 5, 7, 2, 5, 1, 7, 7, 1, 2, 1, 7, 7, 5, 6]
0, 6, [244.0, 620.0, 16250.0], [6, 6, 7, 1, 6, 5, 5, 7, 6, 7, 4, 7, 2, 6, 7, 5, 7, 6, 5, 6, 4, 2, 1, 6, 2, 5, 3, 7, 1, 5, 6, 5, 2, 7, 7, 4]
0, 7, [246.0, 594.0, 20625.0], [7, 6, 1, 2, 7, 7, 2, 3, 7, 7, 6, 5, 5, 4, 6, 1, 7, 3, 2, 4, 1, 1, 2, 6, 4, 6, 1, 7, 4, 7, 5, 3, 7, 7, 1, 7]
0, 8, [202.0, 587.0, 18125.0], [2, 7, 2, 1, 6, 2, 3, 7, 6, 7, 5, 1, 6, 1, 6, 3, 7, 1, 6, 4, 5, 6, 5, 6, 7, 1, 1, 7, 1, 7, 4, 2, 1, 7, 1, 2]
0, 9, [236.0, 583.0, 25625.0], [6, 6, 7, 7, 7, 2, 5, 5, 6, 7, 4, 4, 7, 1, 6, 4, 7, 6, 5, 7, 3, 4, 6, 6, 3, 4, 3, 7, 7, 2, 5, 2, 1, 7, 4, 3]
0, 10, [226.0, 596.0, 21250.0], [3, 7, 4, 5, 1, 7, 5, 5, 7, 7, 3, 4, 1, 7, 6, 5, 7, 7, 4, 6, 2, 7, 2, 7, 5, 3, 5, 7, 1, 5, 2, 6, 1, 7, 2, 6]
0, 11, [262.0, 580.0, 31875.0], [7, 6, 1, 7, 7, 1, 4, 3, 7, 7, 3, 5, 1, 4, 7, 4, 7, 3, 1, 6, 3, 3, 7, 7, 3, 5, 6, 7, 3, 4, 3, 4, 3, 7, 3, 6]
0, 12, [222.0, 592.0, 25000.0], [4, 7, 7, 2, 3, 1, 4, 3, 7, 7, 5, 4, 7, 6, 6, 1, 7, 7, 6, 4, 6, 5, 3, 7, 1, 3, 6, 7, 6, 5, 6, 4, 4, 7, 4, 2]
0, 13, [258.0, 612.0, 21875.0], [3, 7, 7, 1, 3, 6, 7, 7, 6, 7, 6, 7, 4, 1, 6, 7, 7, 6, 6, 2, 1, 5, 3, 6, 1, 6, 2, 7, 5, 4, 2, 1, 5, 7, 2, 6]
0, 14, [240.0, 592.0, 20625.0], [7, 7, 4, 3, 2, 6, 4, 3, 6, 7, 4, 5, 2, 2, 7, 4, 7, 2, 5, 6, 4, 2, 3, 6, 5, 6, 2, 7, 2, 7, 5, 7, 5, 7, 7, 3]
0, 15, [244.0, 589.0, 21250.0], [1, 7, 4, 7, 1, 7, 7, 7, 7, 7, 7, 7, 4, 5, 6, 3, 7, 6, 7, 3, 4, 2, 1, 6, 2, 2, 2, 7, 5, 1, 6, 5, 6, 7, 6, 2]
0, 16, [240.0, 614.0, 25000.0], [3, 7, 7, 7, 5, 1, 7, 1, 6, 7, 1, 6, 6, 5, 6, 7, 7, 1, 1, 5, 5, 2, 4, 6, 5, 3, 2, 7, 4, 3, 6, 6, 7, 7, 2, 3]
0, 17, [236.0, 579.0, 20000.0], [3, 7, 5, 2, 4, 4, 3, 2, 7, 7, 6, 3, 3, 3, 6, 5, 7, 6, 5, 1, 5, 2, 1, 6, 4, 5, 2, 7, 7, 3, 6, 5, 7, 7, 6, 4]
0, 18, [240.0, 581.0, 18125.0], [4, 6, 6, 6, 1, 5, 7, 3, 7, 7, 2, 7, 1, 2, 7, 1, 7, 4, 3, 7, 6, 4, 5, 6, 3, 2, 4, 7, 4, 4, 6, 4, 3, 7, 1, 5]
0, 19, [238.0, 609.0, 20000.0], [3, 6, 5, 4, 7, 6, 1, 4, 6, 7, 5, 2, 7, 5, 7, 1, 7, 5, 1, 2, 6, 2, 7, 7, 2, 7, 2, 7, 1, 4, 3, 1, 2, 7, 6, 1]
0, 20, [240.0, 584.0, 16875.0], [1, 6, 1, 3, 6, 7, 4, 1, 7, 7, 2, 6, 7, 4, 7, 4, 7, 7, 3, 6, 1, 3, 2, 6, 5, 4, 2, 7, 7, 3, 4, 2, 1, 7, 2, 1]
0, 21, [236.0, 619.0, 30625.0], [7, 7, 5, 6, 7, 3, 2, 1, 7, 7, 3, 5, 7, 3, 7, 3, 7, 7, 2, 5, 7, 7, 6, 6, 4, 3, 3, 7, 1, 5, 6, 5, 3, 7, 1, 4]
0, 22, [224.0, 600.0, 18750.0], [3, 7, 2, 2, 4, 4, 2, 7, 7, 7, 3, 5, 7, 5, 6, 6, 7, 2, 6, 3, 5, 7, 6, 6, 2, 7, 4, 7, 3, 6, 6, 1, 6, 7, 4, 2]
0, 23, [234.0, 607.0, 11875.0], [6, 6, 4, 4, 6, 5, 6, 5, 6, 7, 5, 5, 2, 2, 6, 2, 7, 7, 6, 6, 5, 6, 5, 6, 3, 5, 2, 7, 1, 1, 3, 4, 5, 7, 3, 5]
0, 24, [212.0, 592.0, 25000.0], [2, 7, 3, 7, 4, 5, 2, 5, 7, 7, 3, 5, 3, 4, 6, 7, 7, 1, 1, 3, 6, 4, 7, 6, 7, 2, 4, 7, 1, 7, 6, 2, 2, 7, 5, 5]
0, 25, [218.0, 606.0, 22500.0], [7, 7, 5, 6, 4, 5, 2, 7, 6, 7, 3, 4, 1, 7, 7, 6, 7, 3, 6, 2, 3, 3, 7, 6, 6, 4, 2, 7, 7, 5, 3, 4, 5, 7, 3, 4]
0, 26, [244.0, 578.0, 24375.0], [1, 7, 3, 3, 2, 4, 6, 1, 7, 7, 4, 3, 6, 6, 7, 3, 7, 4, 7, 7, 4, 2, 3, 6, 1, 7, 6, 7, 7, 6, 4, 2, 1, 7, 1, 5]
0, 27, [230.0, 594.0, 21250.0], [2, 6, 5, 7, 4, 3, 6, 1, 6, 7, 6, 6, 2, 4, 6, 6, 7, 6, 3, 4, 5, 7, 3, 6, 3, 5, 3, 7, 4, 7, 3, 4, 3, 7, 3, 5]
0, 28, [218.0, 611.0, 23750.0], [7, 6, 7, 6, 7, 7, 2, 1, 6, 7, 2, 2, 5, 3, 7, 2, 7, 4, 3, 6, 2, 6, 2, 6, 7, 1, 3, 7, 6, 4, 3, 5, 2, 7, 7, 5]
0, 29, [272.0, 600.0, 14375.0], [4, 7, 6, 5, 4, 6, 4, 4, 6, 7, 3, 6, 4, 4, 6, 1, 7, 6, 2, 1, 1, 6, 6, 6, 3, 1, 7, 7, 1, 5, 1, 1, 5, 7, 6, 5]
0, 30, [248.0, 593.0, 21875.0], [4, 7, 6, 2, 5, 1, 1, 6, 7, 7, 7, 3, 4, 2, 7, 2, 7, 7, 7, 3, 4, 7, 2, 7, 1, 4, 2, 7, 3, 1, 6, 4, 4, 7, 6, 6]
0, 31, [242.0, 592.0, 20000.0], [2, 7, 6, 2, 6, 6, 1, 1, 6, 7, 1, 5, 3, 6, 6, 1, 7, 4, 2, 2, 6, 2, 1, 7, 7, 4, 7, 7, 5, 4, 7, 1, 2, 7, 2, 5]
0, 32, [222.0, 615.0, 25000.0], [6, 7, 6, 1, 2, 3, 1, 3, 7, 7, 5, 1, 5, 5, 6, 5, 7, 1, 3, 3, 7, 2, 1, 7, 3, 6, 5, 7, 2, 1, 2, 7, 6, 7, 1, 4]
0, 33, [226.0, 614.0, 20625.0], [5, 7, 4, 2, 3, 2, 4, 2, 7, 7, 6, 6, 3, 1, 7, 5, 7, 6, 7, 5, 2, 3, 2, 6, 5, 2, 6, 7, 6, 7, 1, 2, 6, 7, 3, 7]
0, 34, [226.0, 613.0, 18750.0], [7, 6, 2, 4, 4, 6, 6, 2, 7, 7, 2, 1, 6, 6, 6, 5, 7, 3, 5, 3, 6, 7, 3, 7, 7, 5, 5, 7, 2, 2, 1, 4, 5, 7, 7, 2]
0, 35, [204.0, 612.0, 20625.0], [3, 7, 6, 6, 2, 1, 6, 1, 6, 7, 2, 3, 2, 1, 7, 7, 7, 2, 6, 2, 5, 3, 6, 6, 4, 3, 5, 7, 1, 7, 1, 3, 2, 7, 2, 5]
0, 36, [214.0, 611.0, 18750.0], [6, 7, 2, 2, 2, 6, 1, 6, 6, 7, 5, 3, 3, 3, 6, 6, 7, 2, 5, 1, 6, 2, 4, 6, 3, 4, 5, 7, 6, 5, 5, 7, 7, 7, 2, 2]
0, 37, [210.0, 606.0, 18750.0], [7, 6, 4, 6, 1, 4, 5, 1, 6, 7, 2, 6, 4, 5, 6, 5, 7, 7, 7, 2, 3, 7, 7, 6, 5, 7, 3, 7, 1, 2, 5, 1, 7, 7, 7, 6]
0, 38, [220.0, 594.0, 21875.0], [6, 6, 7, 3, 4, 2, 5, 7, 6, 7, 4, 3, 3, 5, 6, 6, 7, 5, 5, 2, 2, 1, 2, 7, 5, 4, 6, 7, 3, 1, 1, 1, 3, 7, 4, 1]
0, 39, [246.0, 602.0, 20625.0], [1, 7, 2, 7, 4, 3, 7, 1, 6, 7, 1, 5, 6, 4, 7, 5, 7, 1, 5, 7, 1, 2, 3, 6, 1, 7, 6, 7, 4, 6, 3, 3, 1, 7, 6, 5]
0, 40, [214.0, 590.0, 20000.0], [3, 7, 4, 1, 4, 2, 4, 2, 6, 7, 6, 6, 1, 6, 6, 2, 7, 7, 2, 3, 5, 4, 5, 6, 4, 2, 7, 7, 6, 3, 6, 6, 3, 7, 3, 7]
0, 41, [220.0, 581.0, 20000.0], [1, 6, 5, 4, 7, 4, 3, 2, 6, 7, 1, 4, 6, 3, 7, 1, 7, 4, 3, 5, 3, 2, 4, 6, 5, 5, 2, 7, 7, 6, 2, 4, 5, 7, 3, 7]
0, 42, [200.0, 579.0, 22500.0], [2, 7, 3, 4, 6, 1, 3, 1, 7, 7, 3, 3, 3, 6, 6, 4, 7, 3, 6, 6, 3, 5, 4, 6, 2, 4, 5, 7, 5, 1, 5, 2, 7, 7, 1, 1]
0, 43, [244.0, 611.0, 20000.0], [4, 6, 4, 2, 4, 4, 5, 5, 6, 7, 2, 7, 7, 1, 7, 7, 7, 5, 2, 2, 3, 3, 5, 6, 7, 2, 6, 7, 5, 6, 6, 2, 3, 7, 5, 4]
0, 44, [212.0, 587.0, 20000.0], [7, 7, 4, 3, 2, 1, 3, 3, 6, 7, 3, 2, 5, 6, 7, 7, 7, 1, 7, 2, 4, 4, 1, 6, 5, 2, 5, 7, 3, 2, 6, 2, 1, 7, 2, 4]
0, 45, [242.0, 609.0, 19375.0], [4, 6, 6, 2, 2, 1, 4, 5, 6, 7, 7, 4, 4, 3, 6, 7, 7, 5, 5, 5, 5, 7, 2, 7, 4, 4, 6, 7, 2, 5, 5, 1, 3, 7, 7, 4]
0, 46, [204.0, 567.0, 20000.0], [3, 6, 3, 4, 7, 1, 4, 1, 6, 7, 4, 5, 4, 5, 7, 2, 7, 4, 1, 6, 1, 6, 3, 6, 4, 5, 2, 7, 3, 4, 7, 7, 2, 7, 7, 6]
0, 47, [246.0, 609.0, 16250.0], [5, 6, 5, 3, 1, 7, 2, 2, 6, 7, 7, 2, 4, 7, 6, 6, 7, 2, 2, 7, 2, 7, 4, 6, 4, 2, 6, 7, 2, 2, 7, 3, 2, 7, 2, 4]
0, 48, [216.0, 598.0, 19375.0], [6, 6, 1, 4, 1, 7, 4, 5, 6, 7, 6, 4, 3, 5, 7, 5, 7, 6, 5, 5, 4, 7, 5, 7, 3, 1, 5, 7, 5, 3, 5, 5, 2, 7, 2, 6]
0, 49, [168.0, 540.0, 15000.0], [2, 6, 1, 2, 3, 4, 4, 5, 6, 7, 2, 4, 5, 5, 6, 1, 7, 2, 5, 4, 3, 1, 4, 6, 1, 5, 2, 7, 5, 3, 4, 2, 3, 7, 2, 1]
1, 0, [252.0, 617.0, 26250.0], [5, 6, 6, 6, 7, 5, 5, 2, 7, 7, 7, 7, 3, 4, 6, 6, 7, 1, 5, 4, 2, 3, 1, 7, 3, 3, 5, 7, 2, 7, 1, 2, 1, 7, 2, 3]
1, 1, [278.0, 616.0, 25000.0], [1, 7, 6, 6, 6, 5, 7, 5, 6, 7, 7, 1, 3, 7, 7, 3, 7, 1, 1, 1, 7, 5, 1, 6, 6, 1, 7, 7, 3, 1, 1, 1, 3, 7, 5, 4]
1, 2, [262.0, 580.0, 31875.0], [7, 6, 1, 7, 7, 1, 4, 3, 7, 7, 3, 5, 1, 4, 7, 4, 7, 3, 1, 6, 3, 3, 7, 7, 3, 5, 6, 7, 3, 4, 3, 4, 3, 7, 3, 6]
1, 3, [254.0, 629.0, 21875.0], [7, 6, 5, 7, 4, 5, 1, 5, 6, 7, 2, 7, 7, 1, 7, 7, 7, 5, 2, 2, 3, 3, 5, 6, 7, 2, 6, 7, 5, 6, 6, 2, 3, 7, 5, 4]
1, 4, [228.0, 587.0, 33125.0], [1, 7, 3, 3, 2, 4, 6, 1, 7, 7, 4, 3, 6, 6, 7, 3, 7, 6, 3, 6, 3, 5, 7, 7, 7, 5, 6, 7, 4, 3, 6, 5, 1, 7, 6, 3]
1, 5, [252.0, 609.0, 28125.0], [1, 7, 6, 6, 6, 5, 7, 5, 6, 7, 7, 1, 3, 7, 7, 3, 7, 1, 1, 1, 7, 5, 1, 6, 3, 3, 5, 7, 2, 7, 1, 2, 1, 7, 2, 3]
1, 6, [270.0, 621.0, 19375.0], [7, 6, 7, 6, 7, 6, 7, 7, 6, 7, 6, 7, 4, 1, 6, 7, 7, 6, 6, 2, 1, 5, 3, 6, 1, 6, 2, 7, 5, 4, 2, 1, 5, 7, 2, 2]
1, 7, [246.0, 632.0, 30625.0], [7, 7, 5, 6, 7, 3, 2, 1, 7, 7, 3, 5, 7, 3, 7, 3, 7, 7, 2, 5, 7, 7, 6, 6, 4, 3, 3, 7, 6, 5, 5, 5, 3, 7, 2, 2]
1, 8, [262.0, 591.0, 29375.0], [4, 7, 6, 2, 5, 1, 1, 6, 7, 7, 7, 3, 4, 2, 7, 2, 7, 7, 7, 3, 4, 3, 7, 7, 3, 5, 6, 7, 3, 4, 3, 4, 3, 7, 3, 6]
1, 9, [244.0, 620.0, 16250.0], [6, 6, 7, 1, 6, 5, 5, 7, 6, 7, 4, 7, 2, 6, 7, 5, 7, 6, 5, 6, 4, 2, 1, 6, 2, 5, 3, 7, 1, 5, 6, 5, 2, 7, 7, 4]
1, 10, [236.0, 619.0, 30625.0], [7, 7, 5, 6, 7, 3, 2, 1, 7, 7, 3, 5, 7, 3, 7, 3, 7, 7, 2, 5, 7, 7, 6, 6, 4, 3, 3, 7, 1, 5, 6, 5, 3, 7, 1, 4]
1, 11, [224.0, 624.0, 18750.0], [3, 6, 5, 4, 3, 2, 4, 2, 7, 7, 6, 6, 3, 1, 7, 5, 7, 6, 7, 5, 2, 3, 2, 6, 5, 2, 6, 7, 6, 7, 1, 2, 6, 7, 3, 7]
1, 12, [252.0, 609.0, 26250.0], [1, 7, 6, 6, 6, 5, 1, 6, 7, 7, 3, 3, 2, 2, 7, 5, 7, 1, 5, 7, 3, 7, 5, 7, 3, 7, 2, 7, 2, 6, 4, 4, 4, 7, 6, 5]
1, 13, [278.0, 612.0, 25000.0], [4, 7, 6, 6, 6, 5, 7, 5, 6, 7, 7, 1, 3, 7, 7, 3, 7, 1, 1, 1, 7, 5, 1, 6, 6, 1, 7, 7, 3, 1, 1, 1, 3, 7, 5, 4]
1, 14, [242.0, 618.0, 26250.0], [7, 7, 5, 6, 7, 3, 2, 1, 7, 7, 3, 5, 7, 3, 7, 3, 7, 7, 2, 5, 7, 2, 1, 6, 2, 4, 3, 7, 5, 4, 4, 1, 2, 7, 2, 6]
1, 15, [228.0, 606.0, 25625.0], [6, 6, 4, 6, 4, 6, 7, 5, 6, 7, 6, 1, 1, 7, 6, 7, 7, 6, 3, 6, 3, 5, 7, 7, 7, 5, 6, 7, 4, 3, 6, 5, 1, 7, 6, 3]
1, 16, [224.0, 615.0, 18125.0], [4, 6, 2, 6, 1, 2, 4, 7, 6, 7, 5, 2, 5, 4, 7, 5, 7, 6, 1, 3, 6, 3, 5, 7, 2, 5, 1, 7, 7, 1, 2, 1, 7, 7, 5, 6]
1, 17, [236.0, 583.0, 25625.0], [6, 6, 7, 7, 7, 2, 5, 5, 6, 7, 4, 4, 7, 1, 6, 4, 7, 6, 5, 7, 3, 4, 6, 6, 3, 4, 3, 7, 7, 2, 5, 2, 1, 7, 4, 3]
1, 18, [258.0, 612.0, 21875.0], [3, 7, 7, 1, 3, 6, 7, 7, 6, 7, 6, 7, 4, 1, 6, 7, 7, 6, 6, 2, 1, 5, 3, 6, 1, 6, 2, 7, 5, 4, 2, 1, 5, 7, 2, 6]
1, 19, [240.0, 614.0, 25000.0], [3, 7, 7, 7, 5, 1, 7, 1, 6, 7, 1, 6, 6, 5, 6, 7, 7, 1, 1, 5, 5, 2, 4, 6, 5, 3, 2, 7, 4, 3, 6, 6, 7, 7, 2, 3]
1, 20, [272.0, 600.0, 14375.0], [4, 7, 6, 5, 4, 6, 4, 4, 6, 7, 3, 6, 4, 4, 6, 1, 7, 6, 2, 1, 1, 6, 6, 6, 3, 1, 7, 7, 1, 5, 1, 1, 5, 7, 6, 5]
1, 21, [222.0, 615.0, 25000.0], [6, 7, 6, 1, 2, 3, 1, 3, 7, 7, 5, 1, 5, 5, 6, 5, 7, 1, 3, 3, 7, 2, 1, 7, 3, 6, 5, 7, 2, 1, 2, 7, 6, 7, 1, 4]
1, 22, [242.0, 594.0, 25000.0], [3, 7, 7, 7, 5, 4, 3, 2, 6, 7, 1, 4, 6, 3, 7, 1, 7, 4, 3, 5, 3, 2, 4, 6, 5, 5, 2, 7, 7, 6, 2, 4, 5, 7, 3, 7]
1, 23, [250.0, 608.0, 23125.0], [4, 7, 6, 2, 2, 6, 1, 6, 6, 7, 5, 3, 3, 3, 6, 6, 7, 2, 5, 1, 6, 2, 4, 7, 3, 4, 5, 7, 6, 5, 5, 7, 7, 7, 2, 2]
1, 24, [262.0, 607.0, 24375.0], [7, 6, 5, 7, 4, 5, 7, 5, 6, 7, 7, 1, 3, 7, 7, 3, 7, 1, 1, 6, 7, 5, 1, 6, 6, 1, 7, 7, 3, 1, 1, 1, 3, 7, 5, 4]
1, 25, [210.0, 617.0, 21875.0], [3, 7, 7, 7, 5, 1, 7, 1, 6, 7, 1, 6, 6, 5, 6, 7, 7, 1, 1, 5, 1, 2, 1, 6, 3, 6, 5, 7, 2, 1, 2, 7, 6, 7, 1, 4]
1, 26, [242.0, 582.0, 26250.0], [1, 7, 3, 3, 2, 4, 6, 1, 7, 7, 4, 3, 6, 6, 7, 3, 7, 4, 7, 7, 4, 2, 3, 6, 1, 7, 6, 7, 7, 6, 5, 2, 1, 7, 4, 3]
1, 27, [230.0, 601.0, 26250.0], [3, 7, 7, 1, 3, 7, 2, 1, 6, 7, 2, 2, 5, 3, 7, 2, 7, 4, 3, 6, 2, 6, 2, 6, 7, 1, 3, 7, 6, 4, 3, 5, 2, 7, 7, 5]
1, 28, [224.0, 595.0, 25625.0], [7, 6, 5, 7, 4, 5, 1, 6, 7, 7, 3, 3, 2, 2, 7, 5, 7, 1, 5, 7, 3, 7, 5, 7, 3, 7, 2, 7, 2, 6, 4, 4, 4, 7, 6, 5]
1, 29, [244.0, 578.0, 24375.0], [1, 7, 3, 3, 2, 4, 6, 1, 7, 7, 4, 3, 6, 6, 7, 3, 7, 4, 7, 7, 4, 2, 3, 6, 1, 7, 6, 7, 7, 6, 4, 2, 1, 7, 1, 5]
1, 30, [248.0, 593.0, 21875.0], [4, 7, 6, 2, 5, 1, 1, 6, 7, 7, 7, 3, 4, 2, 7, 2, 7, 7, 7, 3, 4, 7, 2, 7, 1, 4, 2, 7, 3, 1, 6, 4, 4, 7, 6, 6]
1, 31, [226.0, 614.0, 20625.0], [5, 7, 4, 2, 3, 2, 4, 2, 7, 7, 6, 6, 3, 1, 7, 5, 7, 6, 7, 5, 2, 3, 2, 6, 5, 2, 6, 7, 6, 7, 1, 2, 6, 7, 3, 7]
1, 32, [246.0, 602.0, 20625.0], [1, 7, 2, 7, 4, 3, 7, 1, 6, 7, 1, 5, 6, 4, 7, 5, 7, 1, 5, 7, 1, 2, 3, 6, 1, 7, 6, 7, 4, 6, 3, 3, 1, 7, 6, 5]
1, 33, [244.0, 611.0, 20000.0], [4, 6, 4, 2, 4, 4, 5, 5, 6, 7, 2, 7, 7, 1, 7, 7, 7, 5, 2, 2, 3, 3, 5, 6, 7, 2, 6, 7, 5, 6, 6, 2, 3, 7, 5, 4]
1, 34, [246.0, 609.0, 16250.0], [5, 6, 5, 3, 1, 7, 2, 2, 6, 7, 7, 2, 4, 7, 6, 6, 7, 2, 2, 7, 2, 7, 4, 6, 4, 2, 6, 7, 2, 2, 7, 3, 2, 7, 2, 4]
1, 35, [240.0, 595.0, 21875.0], [6, 7, 2, 2, 5, 1, 1, 6, 7, 7, 7, 3, 4, 2, 7, 2, 7, 7, 7, 3, 4, 7, 2, 7, 1, 4, 2, 7, 3, 1, 6, 4, 4, 7, 6, 6]
1, 36, [262.0, 594.0, 20000.0], [1, 6, 1, 3, 6, 7, 4, 1, 7, 7, 2, 6, 7, 4, 7, 3, 7, 4, 7, 7, 4, 2, 3, 6, 1, 7, 6, 7, 7, 6, 4, 2, 1, 7, 1, 5]
1, 37, [250.0, 597.0, 19375.0], [6, 7, 6, 1, 2, 3, 1, 3, 7, 7, 5, 1, 5, 5, 6, 5, 7, 1, 3, 3, 5, 2, 4, 6, 5, 6, 2, 7, 4, 3, 6, 6, 7, 7, 2, 3]
1, 38, [250.0, 606.0, 18750.0], [5, 6, 6, 6, 7, 5, 5, 2, 7, 7, 7, 7, 3, 4, 6, 6, 7, 1, 5, 4, 2, 3, 1, 6, 4, 1, 7, 7, 3, 1, 1, 1, 3, 7, 5, 4]
1, 39, [244.0, 604.0, 21250.0], [3, 7, 4, 5, 1, 7, 5, 5, 7, 7, 3, 4, 1, 7, 6, 5, 7, 5, 2, 2, 3, 3, 5, 6, 7, 2, 6, 7, 5, 6, 6, 2, 3, 7, 5, 4]
1, 40, [240.0, 613.0, 16250.0], [5, 6, 5, 3, 1, 7, 2, 2, 6, 7, 7, 2, 4, 7, 6, 6, 7, 2, 2, 7, 2, 7, 4, 6, 4, 2, 6, 7, 2, 2, 7, 3, 2, 7, 6, 1]
1, 41, [238.0, 612.0, 23750.0], [6, 6, 4, 6, 4, 6, 7, 5, 6, 7, 6, 1, 1, 7, 6, 7, 7, 6, 3, 6, 3, 5, 7, 7, 7, 5, 6, 7, 4, 3, 6, 5, 1, 7, 4, 1]
1, 42, [264.0, 597.0, 11250.0], [7, 6, 4, 6, 1, 4, 5, 1, 6, 7, 2, 6, 4, 4, 6, 1, 7, 6, 2, 1, 1, 6, 6, 6, 3, 1, 7, 7, 1, 5, 1, 1, 5, 7, 6, 5]
1, 43, [246.0, 594.0, 20625.0], [7, 6, 1, 2, 7, 7, 2, 3, 7, 7, 6, 5, 5, 4, 6, 1, 7, 3, 2, 4, 1, 1, 2, 6, 4, 6, 1, 7, 4, 7, 5, 3, 7, 7, 1, 7]
1, 44, [226.0, 613.0, 18750.0], [7, 6, 2, 4, 4, 6, 6, 2, 7, 7, 2, 1, 6, 6, 6, 5, 7, 3, 5, 3, 6, 7, 3, 7, 7, 5, 5, 7, 2, 2, 1, 4, 5, 7, 7, 2]
1, 45, [204.0, 612.0, 20625.0], [3, 7, 6, 6, 2, 1, 6, 1, 6, 7, 2, 3, 2, 1, 7, 7, 7, 2, 6, 2, 5, 3, 6, 6, 4, 3, 5, 7, 1, 7, 1, 3, 2, 7, 2, 5]
1, 46, [220.0, 593.0, 25000.0], [1, 7, 7, 2, 3, 1, 4, 3, 7, 7, 5, 4, 7, 6, 6, 1, 7, 7, 6, 4, 6, 5, 3, 7, 1, 3, 6, 7, 6, 5, 6, 4, 4, 7, 4, 2]
1, 47, [236.0, 574.0, 24375.0], [7, 6, 1, 7, 7, 1, 4, 3, 7, 7, 3, 5, 1, 4, 7, 4, 7, 3, 1, 6, 3, 7, 2, 7, 1, 4, 2, 7, 3, 1, 6, 4, 4, 7, 6, 6]
1, 48, [226.0, 610.0, 21875.0], [4, 7, 6, 5, 4, 6, 4, 5, 6, 7, 3, 6, 4, 5, 6, 5, 7, 7, 7, 2, 3, 7, 7, 6, 5, 7, 3, 7, 1, 2, 5, 1, 7, 7, 7, 6]
1, 49, [236.0, 590.0, 23750.0], [6, 6, 7, 7, 7, 2, 5, 5, 6, 7, 4, 2, 7, 1, 6, 4, 7, 6, 5, 7, 3, 4, 6, 6, 3, 4, 3, 7, 7, 2, 4, 2, 1, 7, 1, 5]
2, 0, [278.0, 616.0, 25000.0], [1, 7, 6, 6, 6, 5, 7, 5, 6, 7, 7, 1, 3, 7, 7, 3, 7, 1, 1, 1, 7, 5, 1, 6, 6, 1, 7, 7, 3, 1, 1, 1, 3, 7, 5, 4]
2, 1, [262.0, 580.0, 31875.0], [7, 6, 1, 7, 7, 1, 4, 3, 7, 7, 3, 5, 1, 4, 7, 4, 7, 3, 1, 6, 3, 3, 7, 7, 3, 5, 6, 7, 3, 4, 3, 4, 3, 7, 3, 6]
2, 2, [228.0, 587.0, 33125.0], [1, 7, 3, 3, 2, 4, 6, 1, 7, 7, 4, 3, 6, 6, 7, 3, 7, 6, 3, 6, 3, 5, 7, 7, 7, 5, 6, 7, 4, 3, 6, 5, 1, 7, 6, 3]
2, 3, [288.0, 610.0, 29375.0], [5, 6, 6, 6, 7, 5, 5, 2, 7, 7, 7, 7, 3, 4, 6, 6, 7, 1, 1, 6, 3, 3, 7, 7, 3, 5, 6, 7, 3, 4, 3, 4, 3, 7, 3, 6]
2, 4, [276.0, 614.0, 26250.0], [7, 6, 5, 7, 4, 5, 7, 5, 6, 7, 7, 1, 3, 7, 7, 3, 7, 1, 1, 6, 7, 5, 1, 6, 6, 1, 7, 7, 3, 1, 1, 1, 3, 7, 5, 3]
2, 5, [266.0, 626.0, 24375.0], [5, 6, 6, 6, 7, 5, 5, 2, 7, 7, 7, 7, 3, 4, 6, 6, 7, 1, 5, 4, 2, 3, 1, 7, 3, 3, 5, 7, 2, 7, 1, 2, 1, 7, 2, 1]
2, 6, [274.0, 623.0, 30000.0], [7, 7, 5, 6, 7, 3, 2, 1, 7, 7, 3, 5, 7, 3, 7, 3, 7, 7, 3, 6, 3, 5, 7, 6, 7, 5, 6, 7, 4, 3, 6, 5, 1, 7, 4, 1]
2, 7, [258.0, 633.0, 32500.0], [7, 7, 5, 6, 7, 3, 2, 1, 7, 7, 3, 5, 7, 3, 7, 3, 7, 7, 2, 5, 7, 7, 6, 6, 4, 3, 3, 7, 6, 5, 5, 5, 3, 7, 2, 3]
2, 8, [252.0, 617.0, 26250.0], [5, 6, 6, 6, 7, 5, 5, 2, 7, 7, 7, 7, 3, 4, 6, 6, 7, 1, 5, 4, 2, 3, 1, 7, 3, 3, 5, 7, 2, 7, 1, 2, 1, 7, 2, 3]
2, 9, [254.0, 629.0, 21875.0], [7, 6, 5, 7, 4, 5, 1, 5, 6, 7, 2, 7, 7, 1, 7, 7, 7, 5, 2, 2, 3, 3, 5, 6, 7, 2, 6, 7, 5, 6, 6, 2, 3, 7, 5, 4]
2, 10, [252.0, 609.0, 28125.0], [1, 7, 6, 6, 6, 5, 7, 5, 6, 7, 7, 1, 3, 7, 7, 3, 7, 1, 1, 1, 7, 5, 1, 6, 3, 3, 5, 7, 2, 7, 1, 2, 1, 7, 2, 3]
2, 11, [270.0, 621.0, 19375.0], [7, 6, 7, 6, 7, 6, 7, 7, 6, 7, 6, 7, 4, 1, 6, 7, 7, 6, 6, 2, 1, 5, 3, 6, 1, 6, 2, 7, 5, 4, 2, 1, 5, 7, 2, 2]
2, 12, [246.0, 632.0, 30625.0], [7, 7, 5, 6, 7, 3, 2, 1, 7, 7, 3, 5, 7, 3, 7, 3, 7, 7, 2, 5, 7, 7, 6, 6, 4, 3, 3, 7, 6, 5, 5, 5, 3, 7, 2, 2]
2, 13, [262.0, 591.0, 29375.0], [4, 7, 6, 2, 5, 1, 1, 6, 7, 7, 7, 3, 4, 2, 7, 2, 7, 7, 7, 3, 4, 3, 7, 7, 3, 5, 6, 7, 3, 4, 3, 4, 3, 7, 3, 6]
2, 14, [278.0, 613.0, 25000.0], [1, 7, 6, 6, 6, 5, 7, 5, 6, 7, 7, 1, 3, 7, 7, 3, 7, 1, 1, 1, 7, 5, 1, 6, 6, 1, 7, 7, 3, 1, 1, 1, 3, 7, 5, 1]
2, 15, [254.0, 623.0, 24375.0], [5, 6, 6, 6, 7, 5, 5, 2, 7, 7, 7, 7, 3, 4, 6, 6, 7, 1, 5, 4, 2, 3, 1, 7, 3, 3, 5, 7, 2, 7, 1, 2, 1, 7, 2, 2]
2, 16, [254.0, 612.0, 25625.0], [4, 7, 6, 2, 2, 6, 7, 6, 6, 7, 5, 3, 3, 3, 6, 6, 7, 2, 5, 1, 6, 2, 4, 7, 3, 4, 5, 7, 6, 5, 5, 7, 7, 7, 3, 5]
2, 17, [260.0, 604.0, 25625.0], [7, 6, 7, 6, 7, 6, 7, 7, 6, 7, 6, 7, 4, 1, 6, 7, 7, 6, 5, 6, 3, 4, 6, 6, 3, 4, 3, 7, 4, 2, 5, 2, 1, 7, 4, 4]
2, 18, [252.0, 609.0, 26250.0], [1, 7, 6, 6, 6, 5, 1, 6, 7, 7, 3, 3, 2, 2, 7, 5, 7, 1, 5, 7, 3, 7, 5, 7, 3, 7, 2, 7, 2, 6, 4, 4, 4, 7, 6, 5]
2, 19, [278.0, 612.0, 25000.0], [4, 7, 6, 6, 6, 5, 7, 5, 6, 7, 7, 1, 3, 7, 7, 3, 7, 1, 1, 1, 7, 5, 1, 6, 6, 1, 7, 7, 3, 1, 1, 1, 3, 7, 5, 4]
2, 20, [264.0, 620.0, 17500.0], [6, 6, 7, 7, 7, 2, 5, 5, 6, 7, 2, 6, 4, 4, 6, 1, 7, 6, 2, 1, 1, 6, 6, 6, 3, 1, 7, 7, 1, 5, 1, 1, 5, 7, 6, 5]
2, 21, [244.0, 627.0, 30625.0], [7, 7, 5, 6, 7, 3, 2, 1, 7, 7, 3, 5, 7, 3, 7, 3, 7, 7, 2, 5, 7, 7, 6, 6, 4, 3, 3, 7, 6, 5, 5, 5, 3, 7, 2, 6]
2, 22, [254.0, 627.0, 21875.0], [7, 6, 5, 7, 4, 5, 1, 5, 6, 7, 2, 7, 7, 1, 7, 7, 7, 5, 2, 2, 3, 3, 5, 6, 7, 2, 6, 7, 5, 6, 6, 2, 3, 7, 5, 1]
2, 23, [264.0, 613.0, 24375.0], [7, 6, 5, 7, 4, 5, 7, 5, 6, 7, 7, 1, 3, 7, 7, 3, 7, 1, 1, 6, 7, 5, 1, 6, 6, 1, 7, 7, 3, 1, 1, 1, 3, 7, 5, 5]
2, 24, [256.0, 590.0, 28125.0], [4, 7, 6, 2, 5, 1, 1, 6, 7, 7, 7, 3, 4, 2, 7, 2, 7, 7, 7, 3, 4, 3, 7, 7, 3, 5, 6, 7, 3, 4, 3, 4, 3, 7, 1, 2]
2, 25, [258.0, 612.0, 21875.0], [3, 7, 7, 1, 3, 6, 7, 7, 6, 7, 6, 7, 4, 1, 6, 7, 7, 6, 6, 2, 1, 5, 3, 6, 1, 6, 2, 7, 5, 4, 2, 1, 5, 7, 2, 6]
2, 26, [262.0, 608.0, 25000.0], [4, 7, 6, 6, 6, 5, 7, 5, 6, 7, 7, 1, 3, 7, 7, 3, 7, 1, 1, 1, 7, 5, 1, 6, 6, 1, 7, 7, 3, 1, 6, 4, 4, 7, 1, 3]
2, 27, [250.0, 611.0, 23125.0], [6, 7, 6, 2, 2, 6, 1, 6, 6, 7, 5, 3, 3, 3, 6, 6, 7, 2, 5, 1, 6, 2, 4, 7, 3, 4, 5, 7, 6, 5, 5, 7, 7, 7, 2, 2]
2, 28, [248.0, 621.0, 17500.0], [6, 6, 7, 1, 6, 7, 5, 7, 6, 7, 4, 7, 2, 6, 7, 5, 7, 6, 5, 6, 4, 2, 1, 6, 2, 5, 3, 7, 1, 5, 6, 5, 2, 7, 7, 4]
2, 29, [274.0, 602.0, 21250.0], [7, 7, 5, 6, 7, 7, 4, 1, 7, 7, 2, 6, 7, 4, 7, 3, 7, 4, 7, 7, 4, 2, 3, 6, 1, 6, 6, 7, 1, 6, 4, 2, 1, 7, 1, 5]
2, 30, [244.0, 624.0, 30625.0], [7, 7, 5, 6, 7, 3, 2, 1, 7, 7, 3, 5, 7, 3, 7, 3, 7, 7, 2, 5, 7, 7, 6, 6, 4, 3, 3, 7, 6, 5, 5, 5, 3, 7, 2, 1]
2, 31, [218.0, 625.0, 23750.0], [7, 7, 5, 6, 7, 3, 2, 3, 7, 7, 5, 1, 5, 5, 6, 5, 7, 1, 3, 3, 7, 2, 1, 6, 3, 6, 5, 7, 2, 1, 2, 7, 6, 7, 1, 4]
2, 32, [244.0, 620.0, 16250.0], [6, 6, 7, 1, 6, 5, 5, 7, 6, 7, 4, 7, 2, 6, 7, 5, 7, 6, 5, 6, 4, 2, 1, 6, 2, 5, 3, 7, 1, 5, 6, 5, 2, 7, 7, 4]
2, 33, [236.0, 619.0, 30625.0], [7, 7, 5, 6, 7, 3, 2, 1, 7, 7, 3, 5, 7, 3, 7, 3, 7, 7, 2, 5, 7, 7, 6, 6, 4, 3, 3, 7, 1, 5, 6, 5, 3, 7, 1, 4]
2, 34, [224.0, 624.0, 18750.0], [3, 6, 5, 4, 3, 2, 4, 2, 7, 7, 6, 6, 3, 1, 7, 5, 7, 6, 7, 5, 2, 3, 2, 6, 5, 2, 6, 7, 6, 7, 1, 2, 6, 7, 3, 7]
2, 35, [272.0, 600.0, 14375.0], [4, 7, 6, 5, 4, 6, 4, 4, 6, 7, 3, 6, 4, 4, 6, 1, 7, 6, 2, 1, 1, 6, 6, 6, 3, 1, 7, 7, 1, 5, 1, 1, 5, 7, 6, 5]
2, 36, [250.0, 608.0, 23125.0], [4, 7, 6, 2, 2, 6, 1, 6, 6, 7, 5, 3, 3, 3, 6, 6, 7, 2, 5, 1, 6, 2, 4, 7, 3, 4, 5, 7, 6, 5, 5, 7, 7, 7, 2, 2]
2, 37, [262.0, 607.0, 24375.0], [7, 6, 5, 7, 4, 5, 7, 5, 6, 7, 7, 1, 3, 7, 7, 3, 7, 1, 1, 6, 7, 5, 1, 6, 6, 1, 7, 7, 3, 1, 1, 1, 3, 7, 5, 4]
2, 38, [244.0, 611.0, 20000.0], [4, 6, 4, 2, 4, 4, 5, 5, 6, 7, 2, 7, 7, 1, 7, 7, 7, 5, 2, 2, 3, 3, 5, 6, 7, 2, 6, 7, 5, 6, 6, 2, 3, 7, 5, 4]
2, 39, [246.0, 609.0, 16250.0], [5, 6, 5, 3, 1, 7, 2, 2, 6, 7, 7, 2, 4, 7, 6, 6, 7, 2, 2, 7, 2, 7, 4, 6, 4, 2, 6, 7, 2, 2, 7, 3, 2, 7, 2, 4]
2, 40, [242.0, 620.0, 26250.0], [7, 7, 5, 6, 7, 3, 2, 1, 7, 7, 3, 5, 7, 3, 7, 3, 7, 7, 2, 5, 7, 2, 1, 6, 2, 4, 3, 7, 5, 4, 4, 1, 2, 7, 6, 6]
2, 41, [230.0, 623.0, 27500.0], [6, 7, 6, 1, 2, 3, 1, 1, 7, 7, 3, 5, 7, 3, 7, 3, 7, 7, 2, 5, 7, 7, 6, 6, 4, 3, 3, 7, 6, 5, 5, 5, 3, 7, 2, 2]
2, 42, [242.0, 618.0, 26250.0], [7, 7, 5, 6, 7, 3, 2, 1, 7, 7, 3, 5, 7, 3, 7, 3, 7, 7, 2, 5, 7, 2, 1, 6, 2, 4, 3, 7, 5, 4, 4, 1, 2, 7, 2, 6]
2, 43, [264.0, 597.0, 11250.0], [7, 6, 4, 6, 1, 4, 5, 1, 6, 7, 2, 6, 4, 4, 6, 1, 7, 6, 2, 1, 1, 6, 6, 6, 3, 1, 7, 7, 1, 5, 1, 1, 5, 7, 6, 5]
2, 44, [220.0, 620.0, 16875.0], [3, 6, 5, 4, 3, 2, 4, 2, 7, 7, 6, 6, 3, 1, 7, 5, 7, 6, 7, 5, 2, 3, 2, 6, 5, 2, 6, 7, 6, 5, 1, 2, 6, 7, 3, 7]
2, 45, [244.0, 580.0, 24375.0], [1, 7, 3, 3, 2, 4, 6, 1, 7, 7, 4, 3, 6, 6, 7, 3, 7, 4, 7, 7, 4, 2, 3, 6, 1, 7, 6, 7, 7, 6, 4, 2, 1, 7, 1, 2]
2, 46, [224.0, 624.0, 15625.0], [3, 6, 5, 4, 3, 2, 4, 2, 7, 7, 6, 6, 3, 1, 7, 5, 7, 6, 7, 5, 2, 3, 2, 6, 5, 2, 6, 7, 6, 7, 1, 2, 6, 7, 2, 2]
2, 47, [260.0, 598.0, 21875.0], [1, 6, 1, 3, 6, 7, 4, 1, 7, 7, 2, 6, 7, 4, 7, 3, 7, 4, 7, 7, 4, 2, 3, 6, 1, 7, 6, 7, 7, 6, 5, 2, 1, 7, 4, 3]
2, 48, [252.0, 598.0, 23750.0], [6, 6, 7, 7, 7, 2, 5, 5, 6, 7, 4, 2, 7, 1, 6, 4, 7, 6, 5, 7, 3, 4, 6, 6, 3, 4, 3, 7, 7, 2, 4, 2, 1, 7, 1, 1]
2, 49, [262.0, 594.0, 20000.0], [1, 6, 1, 3, 6, 7, 4, 1, 7, 7, 2, 6, 7, 4, 7, 3, 7, 4, 7, 7, 4, 2, 3, 6, 1, 7, 6, 7, 7, 6, 4, 2, 1, 7, 1, 5]
3, 0, [262.0, 580.0, 31875.0], [7, 6, 1, 7, 7, 1, 4, 3, 7, 7, 3, 5, 1, 4, 7, 4, 7, 3, 1, 6, 3, 3, 7, 7, 3, 5, 6, 7, 3, 4, 3, 4, 3, 7, 3, 6]
3, 1, [258.0, 633.0, 32500.0], [7, 7, 5, 6, 7, 3, 2, 1, 7, 7, 3, 5, 7, 3, 7, 3, 7, 7, 2, 5, 7, 7, 6, 6, 4, 3, 3, 7, 6, 5, 5, 5, 3, 7, 2, 3]
3, 2, [306.0, 639.0, 31250.0], [5, 6, 6, 6, 7, 5, 5, 2, 7, 7, 7, 7, 3, 4, 6, 6, 7, 1, 1, 6, 3, 3, 7, 7, 3, 3, 3, 7, 6, 5, 5, 5, 3, 7, 2, 3]
3, 3, [240.0, 617.0, 33125.0], [7, 7, 5, 6, 7, 3, 2, 1, 7, 7, 3, 5, 7, 3, 7, 3, 7, 7, 2, 5, 7, 7, 6, 6, 4, 3, 3, 7, 6, 5, 3, 4, 3, 7, 3, 6]
3, 4, [228.0, 587.0, 33125.0], [1, 7, 3, 3, 2, 4, 6, 1, 7, 7, 4, 3, 6, 6, 7, 3, 7, 6, 3, 6, 3, 5, 7, 7, 7, 5, 6, 7, 4, 3, 6, 5, 1, 7, 6, 3]
3, 5, [274.0, 623.0, 30000.0], [7, 7, 5, 6, 7, 3, 2, 1, 7, 7, 3, 5, 7, 3, 7, 3, 7, 7, 3, 6, 3, 5, 7, 6, 7, 5, 6, 7, 4, 3, 6, 5, 1, 7, 4, 1]
3, 6, [296.0, 615.0, 30625.0], [3, 7, 7, 1, 3, 6, 7, 1, 7, 7, 3, 5, 7, 3, 7, 3, 7, 7, 3, 6, 3, 5, 7, 6, 2, 5, 6, 7, 4, 3, 6, 5, 1, 7, 4, 1]
3, 7, [240.0, 619.0, 31250.0], [7, 7, 5, 6, 7, 3, 2, 1, 7, 7, 3, 5, 7, 3, 7, 3, 7, 7, 3, 5, 7, 7, 6, 6, 4, 3, 3, 7, 1, 5, 6, 5, 3, 7, 5, 4]
3, 8, [296.0, 631.0, 25625.0], [5, 6, 6, 6, 7, 5, 5, 2, 7, 7, 7, 7, 3, 4, 6, 6, 7, 1, 1, 6, 3, 3, 7, 7, 3, 5, 5, 7, 2, 7, 1, 2, 1, 7, 2, 1]
3, 9, [254.0, 626.0, 26875.0], [1, 7, 6, 6, 6, 5, 7, 5, 6, 7, 7, 1, 7, 3, 7, 3, 7, 7, 2, 5, 7, 7, 6, 6, 4, 3, 3, 7, 6, 5, 5, 5, 3, 7, 2, 6]
3, 10, [236.0, 621.0, 31250.0], [7, 7, 5, 6, 7, 3, 2, 1, 7, 7, 3, 5, 7, 3, 7, 3, 7, 7, 2, 5, 7, 7, 6, 6, 3, 3, 5, 7, 2, 1, 1, 2, 1, 7, 2, 3]
3, 11, [254.0, 617.0, 30625.0], [7, 7, 5, 6, 7, 3, 2, 1, 7, 7, 3, 5, 7, 3, 7, 3, 7, 7, 2, 5, 7, 7, 6, 6, 4, 5, 6, 7, 3, 4, 3, 4, 3, 7, 3, 6]
3, 12, [290.0, 620.0, 28125.0], [5, 6, 6, 6, 7, 5, 5, 2, 7, 7, 7, 7, 3, 4, 6, 6, 7, 1, 1, 6, 3, 3, 7, 7, 3, 5, 6, 7, 3, 4, 3, 5, 3, 7, 2, 6]
3, 13, [246.0, 637.0, 30625.0], [7, 7, 5, 6, 7, 3, 2, 2, 7, 7, 3, 5, 7, 3, 7, 3, 7, 7, 2, 5, 7, 7, 6, 6, 4, 3, 3, 7, 6, 5, 5, 5, 3, 7, 2, 2]
3, 14, [252.0, 618.0, 30625.0], [7, 7, 5, 6, 7, 3, 2, 1, 7, 7, 3, 5, 7, 3, 7, 3, 7, 7, 2, 5, 7, 7, 6, 6, 4, 3, 3, 7, 6, 5, 5, 1, 3, 7, 5, 1]
3, 15, [284.0, 622.0, 30000.0], [6, 6, 7, 1, 7, 3, 2, 1, 7, 7, 3, 5, 7, 3, 7, 3, 7, 7, 3, 6, 3, 5, 7, 6, 7, 5, 6, 7, 4, 3, 6, 5, 1, 7, 4, 1]
3, 16, [264.0, 625.0, 27500.0], [5, 6, 6, 6, 7, 5, 5, 2, 7, 7, 7, 7, 3, 4, 6, 6, 7, 1, 5, 4, 2, 3, 1, 7, 3, 3, 5, 7, 2, 7, 1, 2, 3, 7, 3, 6]
3, 17, [288.0, 610.0, 29375.0], [5, 6, 6, 6, 7, 5, 5, 2, 7, 7, 7, 7, 3, 4, 6, 6, 7, 1, 1, 6, 3, 3, 7, 7, 3, 5, 6, 7, 3, 4, 3, 4, 3, 7, 3, 6]
3, 18, [276.0, 614.0, 26250.0], [7, 6, 5, 7, 4, 5, 7, 5, 6, 7, 7, 1, 3, 7, 7, 3, 7, 1, 1, 6, 7, 5, 1, 6, 6, 1, 7, 7, 3, 1, 1, 1, 3, 7, 5, 3]
3, 19, [266.0, 626.0, 24375.0], [5, 6, 6, 6, 7, 5, 5, 2, 7, 7, 7, 7, 3, 4, 6, 6, 7, 1, 5, 4, 2, 3, 1, 7, 3, 3, 5, 7, 2, 7, 1, 2, 1, 7, 2, 1]
3, 20, [254.0, 629.0, 21875.0], [7, 6, 5, 7, 4, 5, 1, 5, 6, 7, 2, 7, 7, 1, 7, 7, 7, 5, 2, 2, 3, 3, 5, 6, 7, 2, 6, 7, 5, 6, 6, 2, 3, 7, 5, 4]
3, 21, [246.0, 632.0, 30625.0], [7, 7, 5, 6, 7, 3, 2, 1, 7, 7, 3, 5, 7, 3, 7, 3, 7, 7, 2, 5, 7, 7, 6, 6, 4, 3, 3, 7, 6, 5, 5, 5, 3, 7, 2, 2]
3, 22, [286.0, 614.0, 25000.0], [4, 7, 6, 6, 6, 5, 7, 5, 6, 7, 7, 1, 3, 7, 7, 3, 7, 1, 1, 1, 7, 5, 1, 6, 6, 1, 7, 7, 3, 1, 1, 1, 3, 7, 1, 4]
3, 23, [268.0, 628.0, 21250.0], [6, 6, 7, 7, 7, 2, 5, 5, 6, 7, 2, 6, 4, 4, 6, 1, 7, 6, 2, 1, 1, 6, 6, 6, 3, 1, 7, 7, 6, 5, 5, 5, 3, 7, 2, 3]
3, 24, [272.0, 617.0, 26250.0], [7, 7, 5, 6, 7, 3, 2, 1, 7, 7, 3, 5, 7, 3, 7, 3, 7, 7, 2, 1, 1, 6, 6, 6, 3, 1, 7, 7, 1, 5, 1, 1, 5, 7, 6, 5]
3, 25, [278.0, 621.0, 25000.0], [1, 7, 6, 6, 6, 5, 7, 5, 6, 7, 7, 1, 3, 7, 7, 3, 7, 1, 1, 1, 7, 5, 1, 6, 6, 1, 7, 7, 3, 1, 1, 1, 3, 7, 5, 2]
3, 26, [278.0, 613.0, 27500.0], [1, 7, 6, 6, 6, 5, 7, 5, 6, 7, 7, 1, 3, 7, 7, 3, 7, 1, 1, 1, 7, 5, 1, 6, 4, 3, 3, 7, 6, 5, 5, 5, 3, 7, 2, 3]
3, 27, [264.0, 620.0, 29375.0], [7, 7, 5, 6, 7, 3, 2, 1, 7, 7, 3, 5, 7, 3, 7, 3, 7, 7, 3, 6, 3, 5, 4, 6, 3, 4, 1, 7, 6, 5, 5, 7, 6, 7, 2, 2]
3, 28, [286.0, 611.0, 29375.0], [1, 7, 6, 6, 6, 5, 7, 5, 6, 7, 7, 1, 3, 7, 7, 3, 7, 6, 3, 6, 3, 5, 7, 7, 4, 5, 6, 7, 4, 3, 6, 5, 1, 7, 6, 3]
3, 29, [278.0, 616.0, 25000.0], [1, 7, 6, 6, 6, 5, 7, 5, 6, 7, 7, 1, 3, 7, 7, 3, 7, 1, 1, 1, 7, 5, 1, 6, 6, 1, 7, 7, 3, 1, 1, 1, 3, 7, 5, 4]
3, 30, [252.0, 617.0, 26250.0], [5, 6, 6, 6, 7, 5, 5, 2, 7, 7, 7, 7, 3, 4, 6, 6, 7, 1, 5, 4, 2, 3, 1, 7, 3, 3, 5, 7, 2, 7, 1, 2, 1, 7, 2, 3]
3, 31, [252.0, 609.0, 28125.0], [1, 7, 6, 6, 6, 5, 7, 5, 6, 7, 7, 1, 3, 7, 7, 3, 7, 1, 1, 1, 7, 5, 1, 6, 3, 3, 5, 7, 2, 7, 1, 2, 1, 7, 2, 3]
3, 32, [270.0, 621.0, 19375.0], [7, 6, 7, 6, 7, 6, 7, 7, 6, 7, 6, 7, 4, 1, 6, 7, 7, 6, 6, 2, 1, 5, 3, 6, 1, 6, 2, 7, 5, 4, 2, 1, 5, 7, 2, 2]
3, 33, [254.0, 623.0, 24375.0], [5, 6, 6, 6, 7, 5, 5, 2, 7, 7, 7, 7, 3, 4, 6, 6, 7, 1, 5, 4, 2, 3, 1, 7, 3, 3, 5, 7, 2, 7, 1, 2, 1, 7, 2, 2]
3, 34, [254.0, 612.0, 25625.0], [4, 7, 6, 2, 2, 6, 7, 6, 6, 7, 5, 3, 3, 3, 6, 6, 7, 2, 5, 1, 6, 2, 4, 7, 3, 4, 5, 7, 6, 5, 5, 7, 7, 7, 3, 5]
3, 35, [260.0, 604.0, 25625.0], [7, 6, 7, 6, 7, 6, 7, 7, 6, 7, 6, 7, 4, 1, 6, 7, 7, 6, 5, 6, 3, 4, 6, 6, 3, 4, 3, 7, 4, 2, 5, 2, 1, 7, 4, 4]
3, 36, [244.0, 627.0, 30625.0], [7, 7, 5, 6, 7, 3, 2, 1, 7, 7, 3, 5, 7, 3, 7, 3, 7, 7, 2, 5, 7, 7, 6, 6, 4, 3, 3, 7, 6, 5, 5, 5, 3, 7, 2, 6]
3, 37, [254.0, 627.0, 21875.0], [7, 6, 5, 7, 4, 5, 1, 5, 6, 7, 2, 7, 7, 1, 7, 7, 7, 5, 2, 2, 3, 3, 5, 6, 7, 2, 6, 7, 5, 6, 6, 2, 3, 7, 5, 1]
3, 38, [284.0, 591.0, 14375.0], [4, 7, 6, 5, 4, 6, 4, 4, 6, 7, 3, 6, 4, 4, 6, 1, 7, 6, 2, 1, 1, 6, 6, 6, 3, 1, 7, 7, 1, 6, 4, 2, 1, 7, 1, 1]
3, 39, [254.0, 603.0, 28125.0], [5, 6, 6, 6, 7, 5, 5, 2, 7, 7, 7, 7, 3, 4, 6, 6, 7, 1, 5, 4, 2, 3, 1, 7, 3, 3, 6, 7, 3, 4, 3, 4, 3, 7, 3, 6]
3, 40, [248.0, 614.0, 28750.0], [7, 7, 5, 6, 7, 3, 2, 1, 7, 7, 3, 5, 7, 3, 7, 3, 7, 7, 2, 5, 7, 7, 6, 6, 4, 3, 3, 7, 1, 5, 1, 1, 5, 7, 6, 5]
3, 41, [276.0, 601.0, 29375.0], [6, 7, 6, 1, 2, 3, 1, 1, 7, 7, 7, 1, 4, 2, 7, 2, 7, 7, 7, 3, 4, 3, 7, 7, 3, 5, 6, 7, 3, 4, 3, 4, 3, 7, 3, 6]
3, 42, [256.0, 620.0, 23125.0], [6, 7, 6, 2, 2, 6, 1, 6, 6, 7, 5, 3, 3, 3, 6, 6, 7, 2, 5, 1, 6, 2, 7, 7, 7, 5, 6, 7, 4, 3, 7, 5, 1, 7, 4, 1]
3, 43, [240.0, 628.0, 30625.0], [7, 7, 5, 6, 7, 3, 2, 1, 7, 7, 3, 6, 7, 3, 7, 3, 7, 7, 2, 5, 7, 7, 6, 6, 4, 3, 3, 7, 6, 5, 5, 5, 3, 7, 2, 6]
3, 44, [262.0, 591.0, 29375.0], [4, 7, 6, 2, 5, 1, 1, 6, 7, 7, 7, 3, 4, 2, 7, 2, 7, 7, 7, 3, 4, 3, 7, 7, 3, 5, 6, 7, 3, 4, 3, 4, 3, 7, 3, 6]
3, 45, [278.0, 613.0, 25000.0], [1, 7, 6, 6, 6, 5, 7, 5, 6, 7, 7, 1, 3, 7, 7, 3, 7, 1, 1, 1, 7, 5, 1, 6, 6, 1, 7, 7, 3, 1, 1, 1, 3, 7, 5, 1]
3, 46, [252.0, 609.0, 26250.0], [1, 7, 6, 6, 6, 5, 1, 6, 7, 7, 3, 3, 2, 2, 7, 5, 7, 1, 5, 7, 3, 7, 5, 7, 3, 7, 2, 7, 2, 6, 4, 4, 4, 7, 6, 5]
3, 47, [264.0, 620.0, 17500.0], [6, 6, 7, 7, 7, 2, 5, 5, 6, 7, 2, 6, 4, 4, 6, 1, 7, 6, 2, 1, 1, 6, 6, 6, 3, 1, 7, 7, 1, 5, 1, 1, 5, 7, 6, 5]
3, 48, [252.0, 621.0, 24375.0], [5, 6, 6, 6, 7, 5, 5, 2, 7, 7, 7, 7, 3, 4, 6, 6, 7, 1, 5, 4, 2, 3, 1, 7, 3, 3, 5, 7, 2, 7, 1, 2, 1, 7, 2, 4]
3, 49, [244.0, 625.0, 30625.0], [7, 7, 5, 6, 7, 3, 2, 1, 7, 7, 3, 5, 7, 3, 7, 3, 7, 7, 2, 5, 7, 7, 6, 6, 4, 3, 3, 7, 6, 5, 5, 5, 3, 7, 2, 4]
4, 0, [258.0, 633.0, 32500.0], [7, 7, 5, 6, 7, 3, 2, 1, 7, 7, 3, 5, 7, 3, 7, 3, 7, 7, 2, 5, 7, 7, 6, 6, 4, 3, 3, 7, 6, 5, 5, 5, 3, 7, 2, 3]
4, 1, [306.0, 639.0, 31250.0], [5, 6, 6, 6, 7, 5, 5, 2, 7, 7, 7, 7, 3, 4, 6, 6, 7, 1, 1, 6, 3, 3, 7, 7, 3, 3, 3, 7, 6, 5, 5, 5, 3, 7, 2, 3]
4, 2, [294.0, 607.0, 31875.0], [1, 7, 6, 6, 6, 5, 7, 5, 6, 7, 7, 1, 3, 7, 7, 3, 7, 6, 3, 6, 3, 5, 7, 7, 4, 5, 6, 7, 4, 3, 3, 4, 3, 7, 3, 6]
4, 3, [260.0, 623.0, 35000.0], [7, 7, 5, 6, 7, 3, 2, 1, 7, 7, 3, 5, 7, 3, 7, 3, 7, 7, 2, 5, 7, 3, 1, 6, 3, 3, 6, 7, 3, 4, 3, 4, 3, 7, 3, 6]
4, 4, [262.0, 634.0, 31875.0], [7, 6, 7, 6, 7, 6, 7, 7, 6, 7, 3, 6, 7, 3, 7, 3, 7, 7, 2, 5, 3, 7, 6, 6, 4, 3, 3, 7, 6, 5, 5, 5, 3, 7, 2, 6]
4, 5, [262.0, 580.0, 31875.0], [7, 6, 1, 7, 7, 1, 4, 3, 7, 7, 3, 5, 1, 4, 7, 4, 7, 3, 1, 6, 3, 3, 7, 7, 3, 5, 6, 7, 3, 4, 3, 4, 3, 7, 3, 6]
4, 6, [240.0, 617.0, 33125.0], [7, 7, 5, 6, 7, 3, 2, 1, 7, 7, 3, 5, 7, 3, 7, 3, 7, 7, 2, 5, 7, 7, 6, 6, 4, 3, 3, 7, 6, 5, 3, 4, 3, 7, 3, 6]
4, 7, [296.0, 615.0, 30625.0], [3, 7, 7, 1, 3, 6, 7, 1, 7, 7, 3, 5, 7, 3, 7, 3, 7, 7, 3, 6, 3, 5, 7, 6, 2, 5, 6, 7, 4, 3, 6, 5, 1, 7, 4, 1]
4, 8, [240.0, 619.0, 31250.0], [7, 7, 5, 6, 7, 3, 2, 1, 7, 7, 3, 5, 7, 3, 7, 3, 7, 7, 3, 5, 7, 7, 6, 6, 4, 3, 3, 7, 1, 5, 6, 5, 3, 7, 5, 4]
4, 9, [296.0, 631.0, 25625.0], [5, 6, 6, 6, 7, 5, 5, 2, 7, 7, 7, 7, 3, 4, 6, 6, 7, 1, 1, 6, 3, 3, 7, 7, 3, 5, 5, 7, 2, 7, 1, 2, 1, 7, 2, 1]
4, 10, [236.0, 621.0, 31250.0], [7, 7, 5, 6, 7, 3, 2, 1, 7, 7, 3, 5, 7, 3, 7, 3, 7, 7, 2, 5, 7, 7, 6, 6, 3, 3, 5, 7, 2, 1, 1, 2, 1, 7, 2, 3]
4, 11, [290.0, 620.0, 28125.0], [5, 6, 6, 6, 7, 5, 5, 2, 7, 7, 7, 7, 3, 4, 6, 6, 7, 1, 1, 6, 3, 3, 7, 7, 3, 5, 6, 7, 3, 4, 3, 5, 3, 7, 2, 6]
4, 12, [246.0, 637.0, 30625.0], [7, 7, 5, 6, 7, 3, 2, 2, 7, 7, 3, 5, 7, 3, 7, 3, 7, 7, 2, 5, 7, 7, 6, 6, 4, 3, 3, 7, 6, 5, 5, 5, 3, 7, 2, 2]
4, 13, [230.0, 627.0, 31250.0], [7, 7, 5, 6, 7, 3, 2, 2, 7, 7, 3, 5, 7, 3, 7, 3, 7, 7, 2, 5, 7, 7, 6, 6, 3, 3, 5, 7, 2, 2, 1, 2, 1, 7, 2, 3]
4, 14, [298.0, 608.0, 30625.0], [1, 7, 6, 6, 6, 5, 7, 5, 6, 7, 7, 1, 3, 4, 6, 6, 7, 1, 1, 6, 3, 3, 7, 7, 3, 5, 6, 7, 3, 4, 3, 4, 3, 7, 3, 7]
4, 15, [262.0, 639.0, 27500.0], [5, 6, 6, 6, 7, 5, 5, 2, 7, 7, 7, 7, 7, 3, 7, 3, 7, 7, 2, 5, 7, 7, 6, 6, 4, 3, 3, 7, 6, 5, 5, 5, 3, 7, 2, 6]
4, 16, [288.0, 633.0, 30625.0], [6, 6, 7, 1, 7, 3, 2, 1, 7, 7, 3, 5, 7, 3, 7, 3, 7, 7, 3, 6, 3, 3, 7, 6, 3, 5, 5, 7, 2, 7, 1, 2, 1, 7, 2, 1]
4, 17, [228.0, 587.0, 33125.0], [1, 7, 3, 3, 2, 4, 6, 1, 7, 7, 4, 3, 6, 6, 7, 3, 7, 6, 3, 6, 3, 5, 7, 7, 7, 5, 6, 7, 4, 3, 6, 5, 1, 7, 6, 3]
4, 18, [274.0, 623.0, 30000.0], [7, 7, 5, 6, 7, 3, 2, 1, 7, 7, 3, 5, 7, 3, 7, 3, 7, 7, 3, 6, 3, 5, 7, 6, 7, 5, 6, 7, 4, 3, 6, 5, 1, 7, 4, 1]
4, 19, [254.0, 617.0, 30625.0], [7, 7, 5, 6, 7, 3, 2, 1, 7, 7, 3, 5, 7, 3, 7, 3, 7, 7, 2, 5, 7, 7, 6, 6, 4, 5, 6, 7, 3, 4, 3, 4, 3, 7, 3, 6]
4, 20, [284.0, 622.0, 30000.0], [6, 6, 7, 1, 7, 3, 2, 1, 7, 7, 3, 5, 7, 3, 7, 3, 7, 7, 3, 6, 3, 5, 7, 6, 7, 5, 6, 7, 4, 3, 6, 5, 1, 7, 4, 1]
4, 21, [288.0, 610.0, 29375.0], [5, 6, 6, 6, 7, 5, 5, 2, 7, 7, 7, 7, 3, 4, 6, 6, 7, 1, 1, 6, 3, 3, 7, 7, 3, 5, 6, 7, 3, 4, 3, 4, 3, 7, 3, 6]
4, 22, [246.0, 632.0, 30625.0], [7, 7, 5, 6, 7, 3, 2, 1, 7, 7, 3, 5, 7, 3, 7, 3, 7, 7, 2, 5, 7, 7, 6, 6, 4, 3, 3, 7, 6, 5, 5, 5, 3, 7, 2, 2]
4, 23, [268.0, 628.0, 21250.0], [6, 6, 7, 7, 7, 2, 5, 5, 6, 7, 2, 6, 4, 4, 6, 1, 7, 6, 2, 1, 1, 6, 6, 6, 3, 1, 7, 7, 6, 5, 5, 5, 3, 7, 2, 3]
4, 24, [286.0, 611.0, 29375.0], [1, 7, 6, 6, 6, 5, 7, 5, 6, 7, 7, 1, 3, 7, 7, 3, 7, 6, 3, 6, 3, 5, 7, 7, 4, 5, 6, 7, 4, 3, 6, 5, 1, 7, 6, 3]
4, 25, [290.0, 619.0, 25625.0], [6, 6, 7, 6, 6, 5, 7, 5, 6, 7, 7, 1, 3, 7, 7, 3, 7, 1, 1, 1, 7, 5, 1, 6, 6, 1, 7, 7, 3, 1, 1, 1, 3, 7, 1, 4]
4, 26, [262.0, 636.0, 27500.0], [5, 6, 6, 6, 7, 5, 5, 2, 7, 7, 7, 7, 7, 3, 7, 3, 7, 7, 2, 5, 7, 7, 6, 6, 4, 3, 3, 7, 6, 5, 5, 5, 3, 7, 2, 1]
4, 27, [252.0, 622.0, 30625.0], [7, 7, 5, 6, 7, 3, 2, 1, 7, 7, 3, 5, 7, 3, 7, 3, 7, 7, 2, 5, 7, 7, 6, 6, 4, 3, 3, 7, 6, 5, 5, 2, 3, 7, 5, 4]
4, 28, [280.0, 627.0, 29375.0], [1, 7, 6, 6, 7, 5, 5, 2, 7, 7, 7, 7, 3, 4, 6, 6, 7, 1, 1, 6, 3, 3, 7, 6, 3, 3, 3, 7, 6, 5, 5, 5, 3, 7, 2, 3]
4, 29, [288.0, 624.0, 26875.0], [5, 6, 6, 6, 7, 5, 5, 2, 7, 7, 7, 7, 3, 4, 6, 6, 7, 1, 1, 6, 3, 3, 7, 7, 3, 4, 5, 7, 6, 5, 5, 7, 6, 7, 3, 5]
4, 30, [254.0, 626.0, 26875.0], [1, 7, 6, 6, 6, 5, 7, 5, 6, 7, 7, 1, 7, 3, 7, 3, 7, 7, 2, 5, 7, 7, 6, 6, 4, 3, 3, 7, 6, 5, 5, 5, 3, 7, 2, 6]
4, 31, [252.0, 618.0, 30625.0], [7, 7, 5, 6, 7, 3, 2, 1, 7, 7, 3, 5, 7, 3, 7, 3, 7, 7, 2, 5, 7, 7, 6, 6, 4, 3, 3, 7, 6, 5, 5, 1, 3, 7, 5, 1]
4, 32, [264.0, 625.0, 27500.0], [5, 6, 6, 6, 7, 5, 5, 2, 7, 7, 7, 7, 3, 4, 6, 6, 7, 1, 5, 4, 2, 3, 1, 7, 3, 3, 5, 7, 2, 7, 1, 2, 3, 7, 3, 6]
4, 33, [286.0, 614.0, 25000.0], [4, 7, 6, 6, 6, 5, 7, 5, 6, 7, 7, 1, 3, 7, 7, 3, 7, 1, 1, 1, 7, 5, 1, 6, 6, 1, 7, 7, 3, 1, 1, 1, 3, 7, 1, 4]
4, 34, [276.0, 601.0, 29375.0], [6, 7, 6, 1, 2, 3, 1, 1, 7, 7, 7, 1, 4, 2, 7, 2, 7, 7, 7, 3, 4, 3, 7, 7, 3, 5, 6, 7, 3, 4, 3, 4, 3, 7, 3, 6]
4, 35, [244.0, 630.0, 30625.0], [7, 7, 5, 6, 7, 3, 2, 1, 7, 7, 3, 5, 7, 3, 7, 3, 7, 7, 2, 5, 7, 7, 6, 6, 4, 3, 3, 7, 6, 5, 5, 5, 3, 7, 2, 5]
4, 36, [278.0, 616.0, 28125.0], [6, 6, 7, 1, 7, 3, 2, 1, 7, 7, 3, 5, 7, 3, 7, 3, 7, 7, 3, 6, 3, 5, 7, 6, 7, 5, 6, 7, 2, 6, 4, 4, 4, 7, 6, 5]
4, 37, [246.0, 633.0, 27500.0], [7, 7, 5, 6, 7, 3, 2, 1, 7, 7, 3, 5, 7, 3, 7, 3, 7, 7, 3, 5, 7, 6, 6, 6, 3, 1, 5, 7, 1, 5, 1, 1, 5, 7, 6, 5]
4, 38, [272.0, 622.0, 30000.0], [3, 7, 6, 1, 7, 3, 2, 1, 7, 7, 3, 5, 7, 3, 7, 3, 7, 7, 3, 6, 3, 5, 7, 6, 7, 5, 6, 7, 4, 3, 6, 5, 1, 7, 4, 1]
4, 39, [252.0, 631.0, 20000.0], [7, 6, 5, 7, 4, 5, 1, 5, 6, 7, 2, 7, 7, 1, 7, 7, 7, 5, 2, 2, 3, 3, 5, 6, 7, 2, 6, 7, 5, 6, 6, 1, 5, 7, 5, 1]
4, 40, [278.0, 627.0, 26250.0], [7, 6, 6, 6, 7, 5, 5, 2, 7, 7, 7, 7, 3, 4, 6, 6, 7, 1, 1, 6, 3, 3, 7, 7, 3, 5, 5, 7, 2, 6, 1, 3, 1, 7, 2, 1]
4, 41, [256.0, 629.0, 23125.0], [7, 6, 5, 7, 4, 5, 1, 5, 6, 7, 2, 7, 7, 1, 7, 7, 7, 5, 2, 2, 3, 3, 5, 6, 7, 2, 6, 7, 5, 6, 6, 2, 3, 7, 3, 6]
4, 42, [284.0, 591.0, 14375.0], [4, 7, 6, 5, 4, 6, 4, 4, 6, 7, 3, 6, 4, 4, 6, 1, 7, 6, 2, 1, 1, 6, 6, 6, 3, 1, 7, 7, 1, 6, 4, 2, 1, 7, 1, 1]
4, 43, [240.0, 628.0, 30625.0], [7, 7, 5, 6, 7, 3, 2, 1, 7, 7, 3, 6, 7, 3, 7, 3, 7, 7, 2, 5, 7, 7, 6, 6, 4, 3, 3, 7, 6, 5, 5, 5, 3, 7, 2, 6]
4, 44, [256.0, 629.0, 21250.0], [5, 6, 5, 7, 4, 5, 1, 5, 6, 7, 2, 7, 7, 1, 7, 7, 7, 5, 6, 2, 3, 3, 5, 6, 7, 2, 6, 7, 5, 6, 6, 2, 3, 7, 5, 4]
4, 45, [280.0, 604.0, 16250.0], [6, 7, 6, 1, 2, 3, 1, 1, 7, 7, 7, 1, 4, 4, 6, 1, 7, 6, 2, 1, 1, 6, 6, 6, 3, 1, 7, 7, 1, 5, 1, 1, 5, 7, 6, 5]
4, 46, [254.0, 629.0, 21875.0], [7, 6, 5, 7, 4, 5, 1, 5, 6, 7, 2, 7, 7, 1, 7, 7, 7, 5, 2, 2, 3, 3, 5, 6, 7, 2, 6, 7, 5, 6, 6, 2, 3, 7, 5, 4]
4, 47, [266.0, 626.0, 24375.0], [5, 6, 6, 6, 7, 5, 5, 2, 7, 7, 7, 7, 3, 4, 6, 6, 7, 1, 5, 4, 2, 3, 1, 7, 3, 3, 5, 7, 2, 7, 1, 2, 1, 7, 2, 1]
4, 48, [262.0, 622.0, 28125.0], [1, 7, 6, 6, 6, 5, 1, 6, 7, 7, 3, 3, 2, 2, 7, 5, 7, 1, 5, 7, 3, 7, 5, 7, 3, 7, 2, 7, 4, 3, 6, 5, 1, 7, 4, 1]
4, 49, [264.0, 620.0, 29375.0], [7, 7, 5, 6, 7, 3, 2, 1, 7, 7, 3, 5, 7, 3, 7, 3, 7, 7, 3, 6, 3, 5, 4, 6, 3, 4, 1, 7, 6, 5, 5, 7, 6, 7, 2, 2]
5, 0, [306.0, 639.0, 31250.0], [5, 6, 6, 6, 7, 5, 5, 2, 7, 7, 7, 7, 3, 4, 6, 6, 7, 1, 1, 6, 3, 3, 7, 7, 3, 3, 3, 7, 6, 5, 5, 5, 3, 7, 2, 3]
5, 1, [294.0, 607.0, 31875.0], [1, 7, 6, 6, 6, 5, 7, 5, 6, 7, 7, 1, 3, 7, 7, 3, 7, 6, 3, 6, 3, 5, 7, 7, 4, 5, 6, 7, 4, 3, 3, 4, 3, 7, 3, 6]
5, 2, [260.0, 623.0, 35000.0], [7, 7, 5, 6, 7, 3, 2, 1, 7, 7, 3, 5, 7, 3, 7, 3, 7, 7, 2, 5, 7, 3, 1, 6, 3, 3, 6, 7, 3, 4, 3, 4, 3, 7, 3, 6]
5, 3, [262.0, 634.0, 31875.0], [7, 6, 7, 6, 7, 6, 7, 7, 6, 7, 3, 6, 7, 3, 7, 3, 7, 7, 2, 5, 3, 7, 6, 6, 4, 3, 3, 7, 6, 5, 5, 5, 3, 7, 2, 6]
5, 4, [292.0, 650.0, 30625.0], [7, 7, 5, 6, 7, 3, 2, 2, 7, 7, 3, 5, 7, 3, 7, 3, 7, 7, 2, 5, 7, 7, 6, 6, 3, 2, 6, 7, 5, 6, 6, 2, 3, 7, 3, 6]
5, 5, [274.0, 616.0, 31875.0], [6, 6, 7, 1, 7, 3, 2, 1, 7, 7, 3, 5, 7, 3, 7, 3, 7, 7, 3, 6, 3, 5, 7, 6, 7, 5, 6, 7, 4, 3, 6, 5, 1, 7, 6, 3]
5, 6, [258.0, 638.0, 32500.0], [7, 7, 5, 6, 7, 3, 2, 2, 7, 7, 3, 5, 7, 3, 7, 3, 7, 7, 2, 5, 7, 7, 6, 6, 4, 3, 3, 7, 6, 5, 5, 5, 3, 7, 2, 3]
5, 7, [258.0, 633.0, 32500.0], [7, 7, 5, 6, 7, 3, 2, 1, 7, 7, 3, 5, 7, 3, 7, 3, 7, 7, 2, 5, 7, 7, 6, 6, 4, 3, 3, 7, 6, 5, 5, 5, 3, 7, 2, 3]
5, 8, [240.0, 617.0, 33125.0], [7, 7, 5, 6, 7, 3, 2, 1, 7, 7, 3, 5, 7, 3, 7, 3, 7, 7, 2, 5, 7, 7, 6, 6, 4, 3, 3, 7, 6, 5, 3, 4, 3, 7, 3, 6]
5, 9, [296.0, 631.0, 25625.0], [5, 6, 6, 6, 7, 5, 5, 2, 7, 7, 7, 7, 3, 4, 6, 6, 7, 1, 1, 6, 3, 3, 7, 7, 3, 5, 5, 7, 2, 7, 1, 2, 1, 7, 2, 1]
5, 10, [246.0, 637.0, 30625.0], [7, 7, 5, 6, 7, 3, 2, 2, 7, 7, 3, 5, 7, 3, 7, 3, 7, 7, 2, 5, 7, 7, 6, 6, 4, 3, 3, 7, 6, 5, 5, 5, 3, 7, 2, 2]
5, 11, [288.0, 633.0, 30625.0], [6, 6, 7, 1, 7, 3, 2, 1, 7, 7, 3, 5, 7, 3, 7, 3, 7, 7, 3, 6, 3, 3, 7, 6, 3, 5, 5, 7, 2, 7, 1, 2, 1, 7, 2, 1]
5, 12, [292.0, 636.0, 29375.0], [5, 6, 6, 6, 7, 5, 5, 2, 7, 7, 7, 7, 3, 4, 6, 6, 7, 1, 1, 6, 3, 3, 7, 7, 3, 3, 3, 7, 6, 5, 5, 5, 3, 7, 2, 5]
5, 13, [306.0, 626.0, 30625.0], [1, 7, 6, 6, 6, 5, 7, 5, 6, 7, 7, 1, 3, 7, 7, 3, 7, 6, 3, 6, 3, 3, 7, 7, 3, 5, 5, 7, 2, 3, 1, 2, 1, 7, 2, 1]
5, 14, [286.0, 637.0, 26875.0], [7, 6, 6, 6, 7, 5, 5, 2, 7, 7, 3, 5, 7, 3, 7, 3, 7, 7, 3, 6, 3, 3, 7, 6, 3, 5, 5, 7, 2, 7, 1, 2, 1, 7, 2, 1]
5, 15, [264.0, 644.0, 27500.0], [5, 6, 6, 6, 7, 5, 5, 2, 7, 7, 7, 7, 7, 3, 7, 3, 7, 7, 2, 5, 7, 7, 6, 6, 4, 3, 3, 7, 6, 5, 5, 5, 3, 7, 2, 2]
5, 16, [262.0, 615.0, 31875.0], [7, 7, 5, 6, 7, 3, 2, 1, 7, 7, 3, 5, 7, 3, 7, 3, 7, 7, 3, 6, 3, 7, 6, 6, 3, 3, 5, 7, 2, 1, 1, 2, 1, 7, 2, 3]
5, 17, [288.0, 624.0, 31250.0], [6, 6, 7, 1, 7, 3, 2, 1, 7, 7, 3, 3, 7, 3, 7, 3, 7, 7, 3, 6, 3, 5, 7, 6, 7, 5, 6, 7, 4, 6, 6, 2, 3, 7, 5, 4]
5, 18, [262.0, 580.0, 31875.0], [7, 6, 1, 7, 7, 1, 4, 3, 7, 7, 3, 5, 1, 4, 7, 4, 7, 3, 1, 6, 3, 3, 7, 7, 3, 5, 6, 7, 3, 4, 3, 4, 3, 7, 3, 6]
5, 19, [296.0, 615.0, 30625.0], [3, 7, 7, 1, 3, 6, 7, 1, 7, 7, 3, 5, 7, 3, 7, 3, 7, 7, 3, 6, 3, 5, 7, 6, 2, 5, 6, 7, 4, 3, 6, 5, 1, 7, 4, 1]
5, 20, [290.0, 620.0, 28125.0], [5, 6, 6, 6, 7, 5, 5, 2, 7, 7, 7, 7, 3, 4, 6, 6, 7, 1, 1, 6, 3, 3, 7, 7, 3, 5, 6, 7, 3, 4, 3, 5, 3, 7, 2, 6]
5, 21, [298.0, 608.0, 30625.0], [1, 7, 6, 6, 6, 5, 7, 5, 6, 7, 7, 1, 3, 4, 6, 6, 7, 1, 1, 6, 3, 3, 7, 7, 3, 5, 6, 7, 3, 4, 3, 4, 3, 7, 3, 7]
5, 22, [262.0, 639.0, 27500.0], [5, 6, 6, 6, 7, 5, 5, 2, 7, 7, 7, 7, 7, 3, 7, 3, 7, 7, 2, 5, 7, 7, 6, 6, 4, 3, 3, 7, 6, 5, 5, 5, 3, 7, 2, 6]
5, 23, [274.0, 623.0, 30000.0], [7, 7, 5, 6, 7, 3, 2, 1, 7, 7, 3, 5, 7, 3, 7, 3, 7, 7, 3, 6, 3, 5, 7, 6, 7, 5, 6, 7, 4, 3, 6, 5, 1, 7, 4, 1]
5, 24, [254.0, 617.0, 30625.0], [7, 7, 5, 6, 7, 3, 2, 1, 7, 7, 3, 5, 7, 3, 7, 3, 7, 7, 2, 5, 7, 7, 6, 6, 4, 5, 6, 7, 3, 4, 3, 4, 3, 7, 3, 6]
5, 25, [284.0, 622.0, 30000.0], [6, 6, 7, 1, 7, 3, 2, 1, 7, 7, 3, 5, 7, 3, 7, 3, 7, 7, 3, 6, 3, 5, 7, 6, 7, 5, 6, 7, 4, 3, 6, 5, 1, 7, 4, 1]
5, 26, [252.0, 622.0, 30625.0], [7, 7, 5, 6, 7, 3, 2, 1, 7, 7, 3, 5, 7, 3, 7, 3, 7, 7, 2, 5, 7, 7, 6, 6, 4, 3, 3, 7, 6, 5, 5, 2, 3, 7, 5, 4]
5, 27, [280.0, 627.0, 29375.0], [1, 7, 6, 6, 7, 5, 5, 2, 7, 7, 7, 7, 3, 4, 6, 6, 7, 1, 1, 6, 3, 3, 7, 6, 3, 3, 3, 7, 6, 5, 5, 5, 3, 7, 2, 3]
5, 28, [288.0, 624.0, 26875.0], [5, 6, 6, 6, 7, 5, 5, 2, 7, 7, 7, 7, 3, 4, 6, 6, 7, 1, 1, 6, 3, 3, 7, 7, 3, 4, 5, 7, 6, 5, 5, 7, 6, 7, 3, 5]
5, 29, [242.0, 636.0, 30000.0], [1, 7, 5, 6, 7, 3, 2, 2, 7, 7, 3, 5, 7, 3, 7, 3, 7, 7, 2, 5, 7, 7, 6, 6, 4, 3, 3, 7, 6, 5, 5, 5, 3, 7, 2, 2]
5, 30, [302.0, 601.0, 28125.0], [7, 7, 6, 6, 6, 5, 7, 5, 6, 7, 7, 1, 3, 7, 7, 3, 7, 6, 3, 6, 3, 5, 7, 6, 4, 5, 6, 7, 4, 3, 3, 4, 3, 7, 3, 1]
5, 31, [250.0, 630.0, 29375.0], [7, 7, 5, 6, 7, 3, 2, 1, 7, 7, 3, 5, 7, 3, 7, 3, 7, 7, 2, 5, 7, 7, 6, 6, 3, 3, 5, 7, 2, 1, 1, 2, 1, 7, 2, 1]
5, 32, [290.0, 624.0, 25625.0], [6, 6, 7, 6, 6, 5, 7, 5, 6, 7, 7, 1, 3, 7, 7, 3, 7, 1, 1, 1, 7, 5, 1, 6, 6, 1, 7, 7, 3, 1, 1, 1, 3, 7, 1, 2]
5, 33, [288.0, 633.0, 25625.0], [5, 6, 6, 6, 7, 5, 5, 2, 7, 7, 7, 7, 3, 7, 7, 3, 7, 1, 1, 1, 7, 5, 1, 6, 6, 1, 7, 7, 3, 1, 1, 1, 3, 7, 1, 4]
5, 34, [298.0, 620.0, 26875.0], [1, 7, 6, 6, 6, 5, 7, 5, 6, 7, 7, 1, 3, 4, 6, 6, 7, 1, 1, 6, 3, 3, 7, 7, 3, 5, 3, 7, 6, 5, 5, 2, 3, 7, 5, 4]
5, 35, [254.0, 611.0, 32500.0], [7, 7, 5, 6, 7, 3, 2, 1, 7, 7, 3, 5, 7, 3, 7, 3, 7, 7, 2, 5, 7, 7, 6, 6, 4, 3, 6, 7, 3, 4, 3, 4, 3, 7, 3, 4]
5, 36, [296.0, 617.0, 27500.0], [1, 7, 6, 6, 6, 5, 7, 5, 6, 7, 7, 1, 3, 7, 7, 3, 7, 6, 3, 6, 3, 5, 7, 7, 4, 5, 6, 7, 4, 3, 6, 5, 1, 7, 4, 1]
5, 37, [246.0, 632.0, 31875.0], [7, 7, 5, 6, 7, 3, 2, 2, 7, 7, 3, 5, 7, 3, 7, 3, 7, 7, 2, 5, 7, 7, 6, 6, 4, 3, 3, 7, 6, 5, 5, 5, 3, 7, 3, 6]
5, 38, [264.0, 631.0, 26250.0], [5, 6, 6, 6, 7, 5, 5, 2, 7, 7, 7, 7, 3, 4, 6, 6, 7, 1, 5, 4, 2, 3, 1, 7, 3, 3, 5, 7, 2, 7, 1, 2, 3, 7, 2, 2]
5, 39, [240.0, 613.0, 33125.0], [7, 7, 5, 6, 7, 3, 2, 1, 7, 7, 3, 5, 7, 3, 7, 3, 7, 7, 2, 5, 7, 7, 6, 6, 4, 3, 3, 7, 6, 5, 3, 4, 3, 7, 3, 1]
5, 40, [244.0, 635.0, 30625.0], [7, 7, 5, 6, 7, 3, 2, 2, 7, 7, 3, 5, 7, 3, 7, 3, 7, 7, 2, 5, 7, 7, 6, 6, 4, 3, 3, 7, 6, 5, 5, 5, 3, 7, 2, 5]
5, 41, [302.0, 617.0, 25625.0], [6, 6, 7, 6, 6, 5, 7, 5, 6, 7, 7, 1, 3, 7, 7, 3, 7, 1, 3, 6, 3, 5, 4, 6, 3, 4, 1, 7, 6, 5, 5, 7, 2, 7, 2, 2]
5, 42, [228.0, 587.0, 33125.0], [1, 7, 3, 3, 2, 4, 6, 1, 7, 7, 4, 3, 6, 6, 7, 3, 7, 6, 3, 6, 3, 5, 7, 7, 7, 5, 6, 7, 4, 3, 6, 5, 1, 7, 6, 3]
5, 43, [268.0, 628.0, 21250.0], [6, 6, 7, 7, 7, 2, 5, 5, 6, 7, 2, 6, 4, 4, 6, 1, 7, 6, 2, 1, 1, 6, 6, 6, 3, 1, 7, 7, 6, 5, 5, 5, 3, 7, 2, 3]
5, 44, [290.0, 619.0, 25625.0], [6, 6, 7, 6, 6, 5, 7, 5, 6, 7, 7, 1, 3, 7, 7, 3, 7, 1, 1, 1, 7, 5, 1, 6, 6, 1, 7, 7, 3, 1, 1, 1, 3, 7, 1, 4]
5, 45, [262.0, 636.0, 27500.0], [5, 6, 6, 6, 7, 5, 5, 2, 7, 7, 7, 7, 7, 3, 7, 3, 7, 7, 2, 5, 7, 7, 6, 6, 4, 3, 3, 7, 6, 5, 5, 5, 3, 7, 2, 1]
5, 46, [246.0, 631.0, 31875.0], [7, 7, 5, 6, 7, 3, 2, 1, 7, 7, 3, 5, 7, 3, 7, 3, 7, 7, 2, 5, 7, 7, 6, 6, 4, 3, 3, 7, 6, 5, 5, 5, 3, 7, 3, 5]
5, 47, [278.0, 616.0, 28125.0], [6, 6, 7, 1, 7, 3, 2, 1, 7, 7, 3, 5, 7, 3, 7, 3, 7, 7, 3, 6, 3, 5, 7, 6, 7, 5, 6, 7, 2, 6, 4, 4, 4, 7, 6, 5]
5, 48, [246.0, 632.0, 30625.0], [7, 7, 5, 6, 7, 3, 2, 1, 7, 7, 3, 5, 7, 3, 7, 3, 7, 7, 2, 5, 7, 7, 6, 6, 4, 3, 3, 7, 6, 5, 5, 5, 3, 7, 2, 2]
5, 49, [288.0, 610.0, 29375.0], [5, 6, 6, 6, 7, 5, 5, 2, 7, 7, 7, 7, 3, 4, 6, 6, 7, 1, 1, 6, 3, 3, 7, 7, 3, 5, 6, 7, 3, 4, 3, 4, 3, 7, 3, 6]
6, 0, [306.0, 639.0, 31250.0], [5, 6, 6, 6, 7, 5, 5, 2, 7, 7, 7, 7, 3, 4, 6, 6, 7, 1, 1, 6, 3, 3, 7, 7, 3, 3, 3, 7, 6, 5, 5, 5, 3, 7, 2, 3]
6, 1, [292.0, 650.0, 30625.0], [7, 7, 5, 6, 7, 3, 2, 2, 7, 7, 3, 5, 7, 3, 7, 3, 7, 7, 2, 5, 7, 7, 6, 6, 3, 2, 6, 7, 5, 6, 6, 2, 3, 7, 3, 6]
6, 2, [296.0, 643.0, 31875.0], [6, 6, 7, 3, 7, 3, 2, 1, 7, 7, 3, 5, 7, 3, 7, 3, 7, 7, 2, 5, 7, 7, 6, 6, 3, 2, 6, 7, 5, 6, 6, 2, 3, 7, 3, 6]
6, 3, [314.0, 609.0, 23750.0], [7, 7, 5, 6, 6, 5, 7, 5, 6, 7, 7, 1, 3, 7, 7, 3, 7, 6, 3, 6, 3, 5, 7, 6, 4, 5, 6, 7, 4, 3, 6, 5, 1, 7, 4, 1]
6, 4, [276.0, 641.0, 32500.0], [7, 7, 5, 6, 7, 3, 2, 5, 7, 7, 3, 5, 7, 3, 7, 3, 7, 7, 2, 5, 7, 7, 6, 6, 4, 3, 3, 7, 6, 5, 5, 5, 3, 7, 2, 3]
6, 5, [262.0, 634.0, 33750.0], [7, 7, 5, 6, 7, 3, 2, 1, 7, 7, 3, 5, 7, 3, 7, 3, 7, 7, 2, 5, 7, 7, 6, 6, 4, 3, 3, 7, 6, 5, 5, 5, 3, 7, 3, 3]
6, 6, [278.0, 625.0, 33125.0], [6, 6, 7, 1, 7, 3, 2, 1, 7, 7, 3, 5, 7, 3, 7, 3, 7, 7, 3, 6, 3, 5, 7, 6, 4, 3, 3, 7, 6, 5, 5, 5, 3, 7, 2, 3]
6, 7, [268.0, 627.0, 35000.0], [7, 7, 5, 6, 7, 3, 2, 1, 7, 7, 3, 5, 7, 3, 7, 3, 7, 7, 2, 5, 7, 7, 6, 6, 3, 3, 6, 7, 3, 4, 3, 4, 3, 7, 3, 6]
6, 8, [260.0, 623.0, 35000.0], [7, 7, 5, 6, 7, 3, 2, 1, 7, 7, 3, 5, 7, 3, 7, 3, 7, 7, 2, 5, 7, 3, 1, 6, 3, 3, 6, 7, 3, 4, 3, 4, 3, 7, 3, 6]
6, 9, [262.0, 634.0, 31875.0], [7, 6, 7, 6, 7, 6, 7, 7, 6, 7, 3, 6, 7, 3, 7, 3, 7, 7, 2, 5, 3, 7, 6, 6, 4, 3, 3, 7, 6, 5, 5, 5, 3, 7, 2, 6]
6, 10, [274.0, 616.0, 31875.0], [6, 6, 7, 1, 7, 3, 2, 1, 7, 7, 3, 5, 7, 3, 7, 3, 7, 7, 3, 6, 3, 5, 7, 6, 7, 5, 6, 7, 4, 3, 6, 5, 1, 7, 6, 3]
6, 11, [258.0, 638.0, 32500.0], [7, 7, 5, 6, 7, 3, 2, 2, 7, 7, 3, 5, 7, 3, 7, 3, 7, 7, 2, 5, 7, 7, 6, 6, 4, 3, 3, 7, 6, 5, 5, 5, 3, 7, 2, 3]
6, 12, [296.0, 631.0, 25625.0], [5, 6, 6, 6, 7, 5, 5, 2, 7, 7, 7, 7, 3, 4, 6, 6, 7, 1, 1, 6, 3, 3, 7, 7, 3, 5, 5, 7, 2, 7, 1, 2, 1, 7, 2, 1]
6, 13, [288.0, 633.0, 30625.0], [6, 6, 7, 1, 7, 3, 2, 1, 7, 7, 3, 5, 7, 3, 7, 3, 7, 7, 3, 6, 3, 3, 7, 6, 3, 5, 5, 7, 2, 7, 1, 2, 1, 7, 2, 1]
6, 14, [292.0, 636.0, 29375.0], [5, 6, 6, 6, 7, 5, 5, 2, 7, 7, 7, 7, 3, 4, 6, 6, 7, 1, 1, 6, 3, 3, 7, 7, 3, 3, 3, 7, 6, 5, 5, 5, 3, 7, 2, 5]
6, 15, [306.0, 626.0, 30625.0], [1, 7, 6, 6, 6, 5, 7, 5, 6, 7, 7, 1, 3, 7, 7, 3, 7, 6, 3, 6, 3, 3, 7, 7, 3, 5, 5, 7, 2, 3, 1, 2, 1, 7, 2, 1]
6, 16, [264.0, 620.0, 35000.0], [7, 7, 3, 6, 7, 3, 2, 2, 7, 7, 3, 5, 7, 3, 7, 3, 7, 7, 3, 6, 3, 5, 7, 6, 7, 5, 6, 7, 4, 3, 6, 5, 1, 7, 6, 3]
6, 17, [306.0, 631.0, 21250.0], [5, 6, 6, 6, 7, 5, 5, 5, 6, 7, 2, 6, 4, 4, 6, 1, 7, 6, 2, 1, 1, 6, 6, 7, 3, 1, 7, 7, 6, 5, 5, 5, 3, 7, 2, 3]
6, 18, [282.0, 640.0, 29375.0], [6, 6, 7, 6, 7, 5, 5, 2, 7, 7, 3, 5, 7, 3, 7, 3, 7, 7, 3, 6, 3, 3, 7, 6, 3, 5, 5, 7, 2, 7, 1, 2, 1, 7, 2, 1]
6, 19, [288.0, 629.0, 31250.0], [6, 6, 7, 1, 7, 3, 2, 1, 7, 7, 3, 3, 7, 3, 7, 3, 7, 7, 3, 6, 3, 5, 7, 6, 7, 5, 6, 7, 4, 6, 6, 2, 3, 7, 5, 2]
6, 20, [286.0, 649.0, 28125.0], [5, 6, 6, 6, 7, 5, 5, 2, 7, 7, 3, 5, 7, 3, 7, 3, 7, 7, 2, 5, 7, 7, 2, 6, 3, 2, 6, 7, 5, 6, 2, 2, 3, 7, 3, 7]
6, 21, [294.0, 610.0, 31875.0], [1, 7, 6, 6, 6, 5, 7, 5, 6, 7, 7, 1, 3, 7, 7, 3, 7, 6, 3, 6, 3, 5, 7, 7, 4, 5, 6, 7, 4, 3, 3, 4, 3, 7, 3, 2]
6, 22, [294.0, 607.0, 31875.0], [1, 7, 6, 6, 6, 5, 7, 5, 6, 7, 7, 1, 3, 7, 7, 3, 7, 6, 3, 6, 3, 5, 7, 7, 4, 5, 6, 7, 4, 3, 3, 4, 3, 7, 3, 6]
6, 23, [258.0, 633.0, 32500.0], [7, 7, 5, 6, 7, 3, 2, 1, 7, 7, 3, 5, 7, 3, 7, 3, 7, 7, 2, 5, 7, 7, 6, 6, 4, 3, 3, 7, 6, 5, 5, 5, 3, 7, 2, 3]
6, 24, [240.0, 617.0, 33125.0], [7, 7, 5, 6, 7, 3, 2, 1, 7, 7, 3, 5, 7, 3, 7, 3, 7, 7, 2, 5, 7, 7, 6, 6, 4, 3, 3, 7, 6, 5, 3, 4, 3, 7, 3, 6]
6, 25, [246.0, 637.0, 30625.0], [7, 7, 5, 6, 7, 3, 2, 2, 7, 7, 3, 5, 7, 3, 7, 3, 7, 7, 2, 5, 7, 7, 6, 6, 4, 3, 3, 7, 6, 5, 5, 5, 3, 7, 2, 2]
6, 26, [286.0, 637.0, 26875.0], [7, 6, 6, 6, 7, 5, 5, 2, 7, 7, 3, 5, 7, 3, 7, 3, 7, 7, 3, 6, 3, 3, 7, 6, 3, 5, 5, 7, 2, 7, 1, 2, 1, 7, 2, 1]
6, 27, [264.0, 644.0, 27500.0], [5, 6, 6, 6, 7, 5, 5, 2, 7, 7, 7, 7, 7, 3, 7, 3, 7, 7, 2, 5, 7, 7, 6, 6, 4, 3, 3, 7, 6, 5, 5, 5, 3, 7, 2, 2]
6, 28, [262.0, 615.0, 31875.0], [7, 7, 5, 6, 7, 3, 2, 1, 7, 7, 3, 5, 7, 3, 7, 3, 7, 7, 3, 6, 3, 7, 6, 6, 3, 3, 5, 7, 2, 1, 1, 2, 1, 7, 2, 3]
6, 29, [288.0, 624.0, 31250.0], [6, 6, 7, 1, 7, 3, 2, 1, 7, 7, 3, 3, 7, 3, 7, 3, 7, 7, 3, 6, 3, 5, 7, 6, 7, 5, 6, 7, 4, 6, 6, 2, 3, 7, 5, 4]
6, 30, [296.0, 615.0, 30625.0], [3, 7, 7, 1, 3, 6, 7, 1, 7, 7, 3, 5, 7, 3, 7, 3, 7, 7, 3, 6, 3, 5, 7, 6, 2, 5, 6, 7, 4, 3, 6, 5, 1, 7, 4, 1]
6, 31, [280.0, 627.0, 29375.0], [1, 7, 6, 6, 7, 5, 5, 2, 7, 7, 7, 7, 3, 4, 6, 6, 7, 1, 1, 6, 3, 3, 7, 6, 3, 3, 3, 7, 6, 5, 5, 5, 3, 7, 2, 3]
6, 32, [302.0, 601.0, 28125.0], [7, 7, 6, 6, 6, 5, 7, 5, 6, 7, 7, 1, 3, 7, 7, 3, 7, 6, 3, 6, 3, 5, 7, 6, 4, 5, 6, 7, 4, 3, 3, 4, 3, 7, 3, 1]
6, 33, [288.0, 633.0, 25625.0], [5, 6, 6, 6, 7, 5, 5, 2, 7, 7, 7, 7, 3, 7, 7, 3, 7, 1, 1, 1, 7, 5, 1, 6, 6, 1, 7, 7, 3, 1, 1, 1, 3, 7, 1, 4]
6, 34, [296.0, 617.0, 27500.0], [1, 7, 6, 6, 6, 5, 7, 5, 6, 7, 7, 1, 3, 7, 7, 3, 7, 6, 3, 6, 3, 5, 7, 7, 4, 5, 6, 7, 4, 3, 6, 5, 1, 7, 4, 1]
6, 35, [302.0, 617.0, 25625.0], [6, 6, 7, 6, 6, 5, 7, 5, 6, 7, 7, 1, 3, 7, 7, 3, 7, 1, 3, 6, 3, 5, 4, 6, 3, 4, 1, 7, 6, 5, 5, 7, 2, 7, 2, 2]
6, 36, [292.0, 626.0, 29375.0], [5, 6, 6, 6, 7, 5, 5, 2, 7, 7, 7, 7, 3, 4, 6, 6, 7, 1, 1, 6, 3, 3, 7, 7, 3, 3, 3, 7, 6, 5, 5, 5, 3, 7, 4, 1]
6, 37, [298.0, 609.0, 30625.0], [5, 7, 6, 6, 6, 5, 7, 5, 6, 7, 7, 1, 3, 4, 6, 6, 7, 1, 1, 6, 3, 3, 7, 7, 3, 5, 6, 7, 3, 4, 3, 4, 3, 7, 3, 7]
6, 38, [288.0, 627.0, 28125.0], [3, 6, 6, 6, 7, 5, 5, 2, 7, 7, 7, 7, 3, 4, 6, 6, 7, 1, 1, 6, 3, 3, 7, 7, 3, 5, 3, 7, 6, 5, 5, 2, 3, 7, 5, 4]
6, 39, [276.0, 633.0, 28125.0], [5, 6, 6, 6, 7, 5, 5, 2, 7, 7, 7, 7, 3, 4, 6, 6, 7, 1, 5, 4, 2, 3, 1, 7, 3, 3, 5, 7, 2, 7, 1, 2, 3, 7, 2, 3]
6, 40, [274.0, 625.0, 31250.0], [7, 7, 5, 6, 7, 3, 2, 1, 7, 7, 3, 3, 7, 3, 7, 3, 7, 7, 3, 6, 3, 5, 7, 6, 7, 5, 6, 7, 4, 6, 6, 2, 3, 7, 5, 4]
6, 41, [298.0, 623.0, 26875.0], [1, 7, 6, 6, 6, 5, 7, 5, 6, 7, 7, 1, 3, 4, 6, 6, 7, 1, 1, 6, 3, 3, 7, 7, 3, 5, 3, 7, 6, 5, 5, 2, 3, 7, 5, 6]
6, 42, [240.0, 613.0, 33125.0], [7, 7, 5, 6, 7, 3, 2, 1, 7, 7, 3, 5, 7, 3, 7, 3, 7, 7, 2, 5, 7, 7, 6, 6, 4, 3, 3, 7, 6, 5, 3, 4, 3, 7, 3, 1]
6, 43, [268.0, 628.0, 21250.0], [6, 6, 7, 7, 7, 2, 5, 5, 6, 7, 2, 6, 4, 4, 6, 1, 7, 6, 2, 1, 1, 6, 6, 6, 3, 1, 7, 7, 6, 5, 5, 5, 3, 7, 2, 3]
6, 44, [262.0, 643.0, 27500.0], [1, 6, 6, 6, 7, 5, 5, 2, 7, 7, 7, 7, 7, 3, 7, 3, 7, 7, 2, 5, 7, 7, 6, 6, 4, 3, 3, 7, 6, 5, 5, 5, 3, 7, 2, 2]
6, 45, [298.0, 609.0, 27500.0], [1, 7, 6, 6, 6, 5, 7, 5, 6, 7, 7, 1, 3, 4, 6, 6, 7, 1, 1, 6, 3, 3, 7, 7, 3, 5, 6, 7, 3, 4, 3, 5, 3, 7, 2, 1]
6, 46, [294.0, 603.0, 31875.0], [1, 7, 6, 6, 6, 5, 7, 5, 6, 7, 7, 1, 3, 7, 7, 3, 7, 6, 3, 6, 3, 5, 7, 7, 4, 5, 6, 7, 4, 3, 3, 4, 3, 7, 3, 1]
6, 47, [290.0, 624.0, 25625.0], [6, 6, 7, 6, 6, 5, 7, 5, 6, 7, 7, 1, 3, 7, 7, 3, 7, 1, 1, 1, 7, 5, 1, 6, 6, 1, 7, 7, 3, 1, 1, 1, 3, 7, 1, 2]
6, 48, [268.0, 626.0, 28750.0], [7, 7, 5, 6, 7, 3, 2, 2, 7, 7, 3, 5, 7, 3, 7, 3, 7, 7, 2, 5, 7, 7, 6, 6, 1, 5, 6, 7, 4, 3, 6, 5, 1, 7, 6, 3]
6, 49, [256.0, 632.0, 32500.0], [7, 7, 5, 6, 7, 3, 2, 1, 7, 7, 3, 5, 7, 3, 7, 3, 7, 7, 2, 5, 7, 3, 1, 6, 4, 3, 3, 7, 6, 5, 5, 5, 3, 7, 2, 3]
7, 0, [292.0, 650.0, 30625.0], [7, 7, 5, 6, 7, 3, 2, 2, 7, 7, 3, 5, 7, 3, 7, 3, 7, 7, 2, 5, 7, 7, 6, 6, 3, 2, 6, 7, 5, 6, 6, 2, 3, 7, 3, 6]
7, 1, [276.0, 641.0, 32500.0], [7, 7, 5, 6, 7, 3, 2, 5, 7, 7, 3, 5, 7, 3, 7, 3, 7, 7, 2, 5, 7, 7, 6, 6, 4, 3, 3, 7, 6, 5, 5, 5, 3, 7, 2, 3]
7, 2, [262.0, 634.0, 33750.0], [7, 7, 5, 6, 7, 3, 2, 1, 7, 7, 3, 5, 7, 3, 7, 3, 7, 7, 2, 5, 7, 7, 6, 6, 4, 3, 3, 7, 6, 5, 5, 5, 3, 7, 3, 3]
7, 3, [284.0, 632.0, 35000.0], [3, 7, 7, 1, 3, 6, 7, 1, 7, 7, 3, 7, 7, 3, 7, 3, 7, 7, 2, 5, 3, 7, 6, 6, 4, 3, 3, 7, 6, 5, 5, 5, 3, 7, 2, 2]
7, 4, [314.0, 637.0, 30000.0], [1, 7, 6, 6, 6, 5, 7, 5, 6, 7, 7, 1, 3, 7, 6, 6, 7, 1, 1, 6, 3, 3, 7, 7, 3, 3, 3, 7, 6, 5, 5, 5, 3, 7, 2, 5]
7, 5, [308.0, 649.0, 31875.0], [7, 6, 6, 6, 7, 5, 1, 2, 7, 7, 3, 5, 7, 3, 7, 3, 7, 7, 3, 6, 3, 3, 7, 6, 3, 5, 5, 7, 2, 7, 5, 5, 3, 7, 3, 3]
7, 6, [296.0, 632.0, 32500.0], [6, 6, 7, 1, 7, 3, 2, 1, 7, 7, 3, 3, 7, 3, 7, 3, 7, 7, 3, 6, 3, 5, 7, 6, 7, 2, 6, 7, 5, 6, 6, 2, 3, 7, 3, 6]
7, 7, [306.0, 639.0, 31250.0], [5, 6, 6, 6, 7, 5, 5, 2, 7, 7, 7, 7, 3, 4, 6, 6, 7, 1, 1, 6, 3, 3, 7, 7, 3, 3, 3, 7, 6, 5, 5, 5, 3, 7, 2, 3]
7, 8, [296.0, 643.0, 31875.0], [6, 6, 7, 3, 7, 3, 2, 1, 7, 7, 3, 5, 7, 3, 7, 3, 7, 7, 2, 5, 7, 7, 6, 6, 3, 2, 6, 7, 5, 6, 6, 2, 3, 7, 3, 6]
7, 9, [314.0, 609.0, 23750.0], [7, 7, 5, 6, 6, 5, 7, 5, 6, 7, 7, 1, 3, 7, 7, 3, 7, 6, 3, 6, 3, 5, 7, 6, 4, 5, 6, 7, 4, 3, 6, 5, 1, 7, 4, 1]
7, 10, [278.0, 625.0, 33125.0], [6, 6, 7, 1, 7, 3, 2, 1, 7, 7, 3, 5, 7, 3, 7, 3, 7, 7, 3, 6, 3, 5, 7, 6, 4, 3, 3, 7, 6, 5, 5, 5, 3, 7, 2, 3]
7, 11, [268.0, 627.0, 35000.0], [7, 7, 5, 6, 7, 3, 2, 1, 7, 7, 3, 5, 7, 3, 7, 3, 7, 7, 2, 5, 7, 7, 6, 6, 3, 3, 6, 7, 3, 4, 3, 4, 3, 7, 3, 6]
7, 12, [286.0, 649.0, 28125.0], [5, 6, 6, 6, 7, 5, 5, 2, 7, 7, 3, 5, 7, 3, 7, 3, 7, 7, 2, 5, 7, 7, 2, 6, 3, 2, 6, 7, 5, 6, 2, 2, 3, 7, 3, 7]
7, 13, [268.0, 638.0, 32500.0], [6, 6, 7, 2, 7, 3, 2, 2, 7, 7, 3, 5, 7, 3, 7, 3, 7, 7, 2, 5, 7, 7, 6, 6, 4, 3, 3, 7, 6, 5, 5, 5, 3, 7, 2, 3]
7, 14, [292.0, 617.0, 32500.0], [1, 7, 6, 6, 6, 5, 7, 5, 6, 7, 7, 1, 3, 7, 7, 3, 7, 6, 3, 6, 3, 3, 7, 7, 3, 5, 5, 7, 2, 3, 1, 2, 1, 7, 2, 3]
7, 15, [286.0, 645.0, 31875.0], [7, 7, 5, 6, 7, 3, 2, 1, 7, 7, 3, 5, 7, 3, 7, 3, 7, 7, 3, 6, 3, 7, 6, 6, 3, 3, 5, 7, 6, 5, 5, 7, 2, 7, 2, 2]
7, 16, [300.0, 606.0, 31875.0], [7, 7, 5, 6, 7, 3, 7, 5, 6, 7, 7, 1, 3, 7, 7, 3, 7, 6, 3, 6, 3, 5, 7, 6, 4, 5, 6, 7, 4, 3, 3, 4, 3, 7, 3, 6]
7, 17, [260.0, 623.0, 35000.0], [7, 7, 5, 6, 7, 3, 2, 1, 7, 7, 3, 5, 7, 3, 7, 3, 7, 7, 2, 5, 7, 3, 1, 6, 3, 3, 6, 7, 3, 4, 3, 4, 3, 7, 3, 6]
7, 18, [262.0, 634.0, 31875.0], [7, 6, 7, 6, 7, 6, 7, 7, 6, 7, 3, 6, 7, 3, 7, 3, 7, 7, 2, 5, 3, 7, 6, 6, 4, 3, 3, 7, 6, 5, 5, 5, 3, 7, 2, 6]
7, 19, [274.0, 616.0, 31875.0], [6, 6, 7, 1, 7, 3, 2, 1, 7, 7, 3, 5, 7, 3, 7, 3, 7, 7, 3, 6, 3, 5, 7, 6, 7, 5, 6, 7, 4, 3, 6, 5, 1, 7, 6, 3]
7, 20, [258.0, 638.0, 32500.0], [7, 7, 5, 6, 7, 3, 2, 2, 7, 7, 3, 5, 7, 3, 7, 3, 7, 7, 2, 5, 7, 7, 6, 6, 4, 3, 3, 7, 6, 5, 5, 5, 3, 7, 2, 3]
7, 21, [296.0, 631.0, 25625.0], [5, 6, 6, 6, 7, 5, 5, 2, 7, 7, 7, 7, 3, 4, 6, 6, 7, 1, 1, 6, 3, 3, 7, 7, 3, 5, 5, 7, 2, 7, 1, 2, 1, 7, 2, 1]
7, 22, [292.0, 636.0, 29375.0], [5, 6, 6, 6, 7, 5, 5, 2, 7, 7, 7, 7, 3, 4, 6, 6, 7, 1, 1, 6, 3, 3, 7, 7, 3, 3, 3, 7, 6, 5, 5, 5, 3, 7, 2, 5]
7, 23, [306.0, 626.0, 30625.0], [1, 7, 6, 6, 6, 5, 7, 5, 6, 7, 7, 1, 3, 7, 7, 3, 7, 6, 3, 6, 3, 3, 7, 7, 3, 5, 5, 7, 2, 3, 1, 2, 1, 7, 2, 1]
7, 24, [264.0, 620.0, 35000.0], [7, 7, 3, 6, 7, 3, 2, 2, 7, 7, 3, 5, 7, 3, 7, 3, 7, 7, 3, 6, 3, 5, 7, 6, 7, 5, 6, 7, 4, 3, 6, 5, 1, 7, 6, 3]
7, 25, [306.0, 631.0, 21250.0], [5, 6, 6, 6, 7, 5, 5, 5, 6, 7, 2, 6, 4, 4, 6, 1, 7, 6, 2, 1, 1, 6, 6, 7, 3, 1, 7, 7, 6, 5, 5, 5, 3, 7, 2, 3]
7, 26, [282.0, 640.0, 29375.0], [6, 6, 7, 6, 7, 5, 5, 2, 7, 7, 3, 5, 7, 3, 7, 3, 7, 7, 3, 6, 3, 3, 7, 6, 3, 5, 5, 7, 2, 7, 1, 2, 1, 7, 2, 1]
7, 27, [294.0, 610.0, 31875.0], [1, 7, 6, 6, 6, 5, 7, 5, 6, 7, 7, 1, 3, 7, 7, 3, 7, 6, 3, 6, 3, 5, 7, 7, 4, 5, 6, 7, 4, 3, 3, 4, 3, 7, 3, 2]
7, 28, [300.0, 627.0, 26875.0], [1, 7, 6, 6, 6, 5, 7, 5, 6, 7, 7, 1, 3, 4, 6, 6, 7, 1, 1, 6, 3, 3, 7, 7, 3, 5, 3, 7, 6, 5, 5, 2, 3, 7, 5, 5]
7, 29, [294.0, 635.0, 25625.0], [5, 6, 6, 6, 7, 5, 5, 2, 7, 7, 7, 7, 3, 4, 6, 6, 7, 1, 5, 6, 3, 3, 7, 7, 3, 5, 5, 7, 2, 7, 1, 2, 1, 7, 2, 1]
7, 30, [266.0, 616.0, 34375.0], [7, 7, 3, 6, 7, 3, 2, 2, 7, 7, 3, 5, 7, 3, 7, 3, 7, 6, 3, 6, 3, 5, 7, 6, 4, 5, 6, 7, 4, 3, 3, 4, 3, 7, 3, 2]
7, 31, [290.0, 637.0, 30000.0], [7, 7, 5, 6, 7, 3, 2, 5, 7, 7, 3, 5, 7, 3, 7, 3, 7, 7, 2, 5, 7, 7, 3, 6, 3, 5, 6, 7, 4, 6, 6, 2, 3, 7, 5, 4]
7, 32, [264.0, 621.0, 33750.0], [7, 7, 5, 6, 7, 3, 2, 1, 7, 7, 3, 3, 7, 3, 7, 3, 7, 7, 3, 6, 3, 5, 6, 6, 4, 3, 3, 7, 6, 5, 5, 5, 3, 7, 2, 3]
7, 33, [290.0, 636.0, 31250.0], [1, 7, 7, 1, 7, 3, 2, 1, 7, 7, 3, 5, 7, 3, 7, 3, 7, 7, 3, 6, 3, 3, 7, 6, 3, 5, 5, 7, 2, 2, 1, 2, 2, 7, 2, 6]
7, 34, [308.0, 606.0, 23750.0], [7, 7, 6, 6, 6, 5, 7, 5, 6, 7, 7, 1, 3, 7, 7, 3, 7, 6, 3, 6, 3, 5, 7, 6, 4, 5, 6, 7, 4, 3, 4, 5, 1, 7, 4, 1]
7, 35, [294.0, 630.0, 30000.0], [1, 7, 6, 6, 6, 5, 7, 5, 6, 7, 7, 1, 3, 7, 7, 3, 7, 7, 2, 5, 7, 7, 6, 6, 4, 3, 3, 7, 6, 5, 5, 5, 3, 7, 3, 3]
7, 36, [274.0, 644.0, 29375.0], [1, 6, 6, 6, 7, 5, 5, 2, 7, 7, 7, 7, 7, 3, 7, 3, 7, 7, 2, 5, 7, 7, 6, 6, 4, 3, 3, 7, 6, 5, 5, 5, 3, 7, 2, 3]
7, 37, [246.0, 637.0, 30625.0], [7, 7, 5, 6, 7, 3, 2, 2, 7, 7, 3, 5, 7, 3, 7, 3, 7, 7, 2, 5, 7, 7, 6, 6, 4, 3, 3, 7, 6, 5, 5, 5, 3, 7, 2, 2]
7, 38, [264.0, 644.0, 27500.0], [5, 6, 6, 6, 7, 5, 5, 2, 7, 7, 7, 7, 7, 3, 7, 3, 7, 7, 2, 5, 7, 7, 6, 6, 4, 3, 3, 7, 6, 5, 5, 5, 3, 7, 2, 2]
7, 39, [302.0, 601.0, 28125.0], [7, 7, 6, 6, 6, 5, 7, 5, 6, 7, 7, 1, 3, 7, 7, 3, 7, 6, 3, 6, 3, 5, 7, 6, 4, 5, 6, 7, 4, 3, 3, 4, 3, 7, 3, 1]
7, 40, [256.0, 618.0, 35000.0], [7, 7, 3, 6, 7, 3, 2, 2, 7, 7, 3, 5, 7, 3, 7, 3, 7, 3, 3, 6, 3, 5, 7, 6, 7, 5, 6, 7, 4, 3, 6, 5, 1, 7, 6, 3]
7, 41, [304.0, 622.0, 24375.0], [6, 6, 6, 6, 6, 5, 7, 5, 6, 7, 7, 1, 3, 4, 6, 6, 7, 1, 1, 6, 3, 3, 7, 7, 3, 5, 3, 7, 2, 5, 5, 2, 3, 7, 5, 1]
7, 42, [304.0, 603.0, 25625.0], [7, 7, 5, 6, 6, 5, 7, 5, 6, 7, 7, 1, 3, 7, 7, 3, 7, 6, 3, 6, 3, 5, 7, 6, 4, 5, 6, 7, 4, 3, 6, 5, 1, 7, 6, 3]
7, 43, [258.0, 633.0, 32500.0], [7, 7, 5, 6, 7, 3, 2, 1, 7, 7, 3, 5, 7, 3, 7, 3, 7, 7, 2, 5, 7, 7, 6, 6, 4, 3, 3, 7, 6, 5, 5, 5, 3, 7, 2, 3]
7, 44, [256.0, 622.0, 34375.0], [1, 7, 5, 6, 7, 3, 2, 1, 7, 7, 3, 5, 7, 3, 7, 3, 7, 7, 2, 5, 7, 3, 1, 6, 3, 3, 6, 7, 3, 4, 3, 4, 3, 7, 3, 6]
7, 45, [270.0, 641.0, 28125.0], [5, 6, 6, 6, 7, 5, 5, 2, 7, 7, 7, 5, 7, 3, 7, 3, 7, 7, 2, 5, 7, 7, 6, 6, 4, 3, 3, 7, 6, 5, 5, 5, 3, 7, 2, 3]
7, 46, [292.0, 626.0, 29375.0], [5, 6, 6, 6, 7, 5, 5, 2, 7, 7, 7, 7, 3, 4, 6, 6, 7, 1, 1, 6, 3, 3, 7, 7, 3, 3, 3, 7, 6, 5, 5, 5, 3, 7, 4, 1]
7, 47, [288.0, 629.0, 31250.0], [6, 6, 7, 1, 7, 3, 2, 1, 7, 7, 3, 3, 7, 3, 7, 3, 7, 7, 3, 6, 3, 5, 7, 6, 7, 5, 6, 7, 4, 6, 6, 2, 3, 7, 5, 2]
7, 48, [280.0, 637.0, 29375.0], [7, 7, 5, 6, 7, 3, 2, 2, 7, 7, 3, 5, 7, 3, 7, 3, 7, 7, 2, 5, 7, 7, 6, 6, 3, 5, 6, 7, 4, 6, 6, 2, 3, 7, 5, 4]
7, 49, [298.0, 609.0, 30625.0], [5, 7, 6, 6, 6, 5, 7, 5, 6, 7, 7, 1, 3, 4, 6, 6, 7, 1, 1, 6, 3, 3, 7, 7, 3, 5, 6, 7, 3, 4, 3, 4, 3, 7, 3, 7]
8, 0, [314.0, 637.0, 30000.0], [1, 7, 6, 6, 6, 5, 7, 5, 6, 7, 7, 1, 3, 7, 6, 6, 7, 1, 1, 6, 3, 3, 7, 7, 3, 3, 3, 7, 6, 5, 5, 5, 3, 7, 2, 5]
8, 1, [308.0, 649.0, 31875.0], [7, 6, 6, 6, 7, 5, 1, 2, 7, 7, 3, 5, 7, 3, 7, 3, 7, 7, 3, 6, 3, 3, 7, 6, 3, 5, 5, 7, 2, 7, 5, 5, 3, 7, 3, 3]
8, 2, [296.0, 632.0, 32500.0], [6, 6, 7, 1, 7, 3, 2, 1, 7, 7, 3, 3, 7, 3, 7, 3, 7, 7, 3, 6, 3, 5, 7, 6, 7, 2, 6, 7, 5, 6, 6, 2, 3, 7, 3, 6]
8, 3, [286.0, 632.0, 35000.0], [3, 7, 7, 1, 3, 6, 7, 1, 7, 7, 3, 7, 7, 3, 7, 3, 7, 7, 2, 5, 3, 3, 6, 6, 4, 3, 3, 7, 6, 5, 5, 5, 3, 7, 2, 2]
8, 4, [318.0, 633.0, 26250.0], [6, 6, 6, 6, 6, 5, 7, 5, 6, 7, 7, 1, 3, 4, 6, 6, 7, 1, 1, 6, 3, 3, 7, 7, 3, 5, 3, 7, 2, 5, 5, 5, 3, 7, 2, 3]
8, 5, [282.0, 648.0, 32500.0], [6, 6, 7, 3, 7, 3, 2, 1, 7, 7, 3, 5, 7, 3, 7, 3, 7, 7, 2, 5, 7, 7, 6, 6, 3, 2, 6, 7, 6, 5, 5, 5, 3, 7, 2, 3]
8, 6, [262.0, 639.0, 33750.0], [7, 7, 5, 6, 7, 3, 2, 2, 7, 7, 3, 5, 7, 3, 7, 3, 7, 7, 2, 5, 7, 7, 6, 6, 4, 3, 3, 7, 6, 5, 5, 5, 3, 7, 3, 3]
8, 7, [342.0, 631.0, 30625.0], [7, 7, 5, 6, 7, 3, 7, 5, 6, 7, 7, 1, 3, 7, 7, 3, 7, 6, 3, 6, 3, 5, 6, 6, 3, 2, 6, 7, 5, 6, 6, 2, 3, 7, 3, 6]
8, 8, [292.0, 652.0, 30625.0], [7, 7, 5, 6, 7, 3, 2, 2, 7, 7, 3, 5, 7, 3, 7, 3, 7, 7, 2, 5, 7, 7, 6, 6, 3, 2, 6, 7, 5, 6, 6, 2, 3, 7, 3, 2]
8, 9, [276.0, 636.0, 34375.0], [6, 7, 7, 2, 7, 3, 2, 2, 7, 7, 3, 5, 7, 3, 7, 3, 7, 7, 2, 5, 3, 7, 6, 6, 4, 3, 3, 7, 6, 5, 5, 5, 3, 7, 3, 2]
8, 10, [292.0, 650.0, 30625.0], [7, 7, 5, 6, 7, 3, 2, 2, 7, 7, 3, 5, 7, 3, 7, 3, 7, 7, 2, 5, 7, 7, 6, 6, 3, 2, 6, 7, 5, 6, 6, 2, 3, 7, 3, 6]
8, 11, [276.0, 641.0, 32500.0], [7, 7, 5, 6, 7, 3, 2, 5, 7, 7, 3, 5, 7, 3, 7, 3, 7, 7, 2, 5, 7, 7, 6, 6, 4, 3, 3, 7, 6, 5, 5, 5, 3, 7, 2, 3]
8, 12, [262.0, 634.0, 33750.0], [7, 7, 5, 6, 7, 3, 2, 1, 7, 7, 3, 5, 7, 3, 7, 3, 7, 7, 2, 5, 7, 7, 6, 6, 4, 3, 3, 7, 6, 5, 5, 5, 3, 7, 3, 3]
8, 13, [284.0, 632.0, 35000.0], [3, 7, 7, 1, 3, 6, 7, 1, 7, 7, 3, 7, 7, 3, 7, 3, 7, 7, 2, 5, 3, 7, 6, 6, 4, 3, 3, 7, 6, 5, 5, 5, 3, 7, 2, 2]
8, 14, [306.0, 639.0, 31250.0], [5, 6, 6, 6, 7, 5, 5, 2, 7, 7, 7, 7, 3, 4, 6, 6, 7, 1, 1, 6, 3, 3, 7, 7, 3, 3, 3, 7, 6, 5, 5, 5, 3, 7, 2, 3]
8, 15, [314.0, 609.0, 23750.0], [7, 7, 5, 6, 6, 5, 7, 5, 6, 7, 7, 1, 3, 7, 7, 3, 7, 6, 3, 6, 3, 5, 7, 6, 4, 5, 6, 7, 4, 3, 6, 5, 1, 7, 4, 1]
8, 16, [292.0, 617.0, 32500.0], [1, 7, 6, 6, 6, 5, 7, 5, 6, 7, 7, 1, 3, 7, 7, 3, 7, 6, 3, 6, 3, 3, 7, 7, 3, 5, 5, 7, 2, 3, 1, 2, 1, 7, 2, 3]
8, 17, [300.0, 606.0, 31875.0], [7, 7, 5, 6, 7, 3, 7, 5, 6, 7, 7, 1, 3, 7, 7, 3, 7, 6, 3, 6, 3, 5, 7, 6, 4, 5, 6, 7, 4, 3, 3, 4, 3, 7, 3, 6]
8, 18, [272.0, 647.0, 31250.0], [7, 7, 3, 6, 7, 3, 2, 2, 7, 7, 3, 5, 7, 3, 7, 3, 7, 3, 3, 6, 3, 5, 7, 6, 7, 5, 6, 7, 6, 5, 5, 2, 2, 7, 2, 2]
8, 19, [296.0, 648.0, 27500.0], [5, 6, 6, 6, 7, 5, 5, 2, 7, 7, 3, 5, 7, 3, 7, 3, 7, 7, 3, 6, 3, 7, 6, 6, 3, 3, 5, 7, 6, 5, 5, 7, 2, 7, 2, 2]
8, 20, [296.0, 646.0, 30625.0], [6, 6, 7, 1, 7, 3, 2, 2, 7, 7, 3, 5, 7, 3, 7, 3, 7, 7, 2, 5, 7, 7, 6, 6, 3, 2, 6, 7, 5, 6, 6, 2, 3, 7, 3, 6]
8, 21, [308.0, 638.0, 28125.0], [1, 7, 6, 6, 6, 5, 7, 5, 6, 7, 7, 1, 3, 7, 7, 3, 7, 6, 3, 6, 3, 3, 7, 6, 3, 3, 5, 7, 6, 5, 5, 7, 2, 7, 2, 2]
8, 22, [296.0, 645.0, 31875.0], [6, 6, 7, 3, 7, 3, 2, 1, 7, 7, 3, 5, 7, 3, 7, 3, 7, 7, 2, 5, 7, 7, 6, 6, 3, 2, 6, 7, 5, 6, 6, 2, 3, 7, 3, 2]
8, 23, [296.0, 645.0, 31875.0], [6, 6, 7, 3, 7, 3, 2, 1, 7, 7, 3, 5, 7, 3, 7, 3, 7, 7, 2, 5, 7, 7, 6, 6, 3, 2, 6, 7, 5, 6, 6, 2, 3, 7, 3, 5]
8, 24, [264.0, 634.0, 33125.0], [7, 6, 7, 6, 7, 6, 7, 7, 6, 7, 3, 6, 7, 3, 7, 3, 7, 7, 2, 5, 3, 7, 6, 6, 4, 3, 3, 7, 6, 5, 5, 5, 3, 7, 3, 6]
8, 25, [310.0, 631.0, 30000.0], [7, 7, 5, 6, 7, 3, 7, 5, 6, 7, 7, 1, 3, 7, 7, 3, 7, 6, 3, 6, 3, 5, 7, 6, 3, 3, 5, 7, 6, 5, 5, 4, 2, 7, 2, 2]
8, 26, [296.0, 643.0, 31875.0], [6, 6, 7, 3, 7, 3, 2, 1, 7, 7, 3, 5, 7, 3, 7, 3, 7, 7, 2, 5, 7, 7, 6, 6, 3, 2, 6, 7, 5, 6, 6, 2, 3, 7, 3, 6]
8, 27, [278.0, 625.0, 33125.0], [6, 6, 7, 1, 7, 3, 2, 1, 7, 7, 3, 5, 7, 3, 7, 3, 7, 7, 3, 6, 3, 5, 7, 6, 4, 3, 3, 7, 6, 5, 5, 5, 3, 7, 2, 3]
8, 28, [268.0, 627.0, 35000.0], [7, 7, 5, 6, 7, 3, 2, 1, 7, 7, 3, 5, 7, 3, 7, 3, 7, 7, 2, 5, 7, 7, 6, 6, 3, 3, 6, 7, 3, 4, 3, 4, 3, 7, 3, 6]
8, 29, [286.0, 649.0, 28125.0], [5, 6, 6, 6, 7, 5, 5, 2, 7, 7, 3, 5, 7, 3, 7, 3, 7, 7, 2, 5, 7, 7, 2, 6, 3, 2, 6, 7, 5, 6, 2, 2, 3, 7, 3, 7]
8, 30, [268.0, 638.0, 32500.0], [6, 6, 7, 2, 7, 3, 2, 2, 7, 7, 3, 5, 7, 3, 7, 3, 7, 7, 2, 5, 7, 7, 6, 6, 4, 3, 3, 7, 6, 5, 5, 5, 3, 7, 2, 3]
8, 31, [286.0, 645.0, 31875.0], [7, 7, 5, 6, 7, 3, 2, 1, 7, 7, 3, 5, 7, 3, 7, 3, 7, 7, 3, 6, 3, 7, 6, 6, 3, 3, 5, 7, 6, 5, 5, 7, 2, 7, 2, 2]
8, 32, [306.0, 626.0, 30625.0], [1, 7, 6, 6, 6, 5, 7, 5, 6, 7, 7, 1, 3, 7, 7, 3, 7, 6, 3, 6, 3, 3, 7, 7, 3, 5, 5, 7, 2, 3, 1, 2, 1, 7, 2, 1]
8, 33, [306.0, 631.0, 21250.0], [5, 6, 6, 6, 7, 5, 5, 5, 6, 7, 2, 6, 4, 4, 6, 1, 7, 6, 2, 1, 1, 6, 6, 7, 3, 1, 7, 7, 6, 5, 5, 5, 3, 7, 2, 3]
8, 34, [300.0, 627.0, 26875.0], [1, 7, 6, 6, 6, 5, 7, 5, 6, 7, 7, 1, 3, 4, 6, 6, 7, 1, 1, 6, 3, 3, 7, 7, 3, 5, 3, 7, 6, 5, 5, 2, 3, 7, 5, 5]
8, 35, [308.0, 606.0, 23750.0], [7, 7, 6, 6, 6, 5, 7, 5, 6, 7, 7, 1, 3, 7, 7, 3, 7, 6, 3, 6, 3, 5, 7, 6, 4, 5, 6, 7, 4, 3, 4, 5, 1, 7, 4, 1]
8, 36, [282.0, 624.0, 35000.0], [3, 7, 7, 1, 3, 6, 7, 1, 7, 7, 3, 7, 7, 3, 7, 3, 7, 7, 2, 5, 3, 7, 6, 6, 4, 3, 3, 7, 6, 5, 5, 5, 3, 7, 2, 1]
8, 37, [278.0, 631.0, 32500.0], [1, 7, 7, 1, 7, 3, 2, 1, 7, 7, 3, 5, 7, 3, 7, 3, 7, 7, 2, 5, 2, 7, 6, 6, 4, 3, 3, 7, 6, 5, 5, 5, 3, 7, 2, 3]
8, 38, [266.0, 628.0, 33125.0], [7, 7, 3, 6, 7, 3, 2, 2, 7, 7, 3, 5, 7, 3, 7, 3, 7, 7, 3, 6, 3, 5, 7, 6, 7, 5, 6, 7, 4, 3, 6, 5, 1, 7, 6, 6]
8, 39, [260.0, 623.0, 35000.0], [7, 7, 5, 6, 7, 3, 2, 1, 7, 7, 3, 5, 7, 3, 7, 3, 7, 7, 2, 5, 7, 3, 1, 6, 3, 3, 6, 7, 3, 4, 3, 4, 3, 7, 3, 6]
8, 40, [258.0, 638.0, 32500.0], [7, 7, 5, 6, 7, 3, 2, 2, 7, 7, 3, 5, 7, 3, 7, 3, 7, 7, 2, 5, 7, 7, 6, 6, 4, 3, 3, 7, 6, 5, 5, 5, 3, 7, 2, 3]
8, 41, [274.0, 644.0, 29375.0], [1, 6, 6, 6, 7, 5, 5, 2, 7, 7, 7, 7, 7, 3, 7, 3, 7, 7, 2, 5, 7, 7, 6, 6, 4, 3, 3, 7, 6, 5, 5, 5, 3, 7, 2, 3]
8, 42, [304.0, 603.0, 25625.0], [7, 7, 5, 6, 6, 5, 7, 5, 6, 7, 7, 1, 3, 7, 7, 3, 7, 6, 3, 6, 3, 5, 7, 6, 4, 5, 6, 7, 4, 3, 6, 5, 1, 7, 6, 3]
8, 43, [300.0, 626.0, 19375.0], [5, 6, 6, 6, 7, 5, 5, 5, 6, 7, 2, 6, 4, 4, 6, 1, 7, 6, 2, 1, 1, 6, 6, 7, 3, 1, 7, 7, 6, 5, 5, 2, 3, 7, 5, 1]
8, 44, [304.0, 622.0, 24375.0], [6, 6, 6, 6, 6, 5, 7, 5, 6, 7, 7, 1, 3, 4, 6, 6, 7, 1, 1, 6, 3, 3, 7, 7, 3, 5, 3, 7, 2, 5, 5, 2, 3, 7, 5, 1]
8, 45, [302.0, 608.0, 28125.0], [7, 7, 6, 6, 6, 5, 7, 5, 6, 7, 7, 1, 3, 7, 7, 3, 7, 6, 3, 6, 3, 5, 7, 6, 4, 5, 6, 7, 4, 3, 3, 4, 3, 7, 3, 5]
8, 46, [296.0, 631.0, 25625.0], [5, 6, 6, 6, 7, 5, 5, 2, 7, 7, 7, 7, 3, 4, 6, 6, 7, 1, 1, 6, 3, 3, 7, 7, 3, 5, 5, 7, 2, 7, 1, 2, 1, 7, 2, 1]
8, 47, [298.0, 609.0, 30625.0], [5, 7, 6, 6, 6, 5, 7, 5, 6, 7, 7, 1, 3, 4, 6, 6, 7, 1, 1, 6, 3, 3, 7, 7, 3, 5, 6, 7, 3, 4, 3, 4, 3, 7, 3, 7]
8, 48, [288.0, 643.0, 28750.0], [7, 7, 5, 6, 7, 3, 2, 5, 7, 7, 3, 5, 7, 3, 7, 3, 7, 7, 3, 6, 3, 3, 7, 6, 3, 5, 5, 7, 2, 2, 1, 2, 2, 7, 2, 6]
8, 49, [270.0, 616.0, 35000.0], [7, 7, 3, 6, 7, 3, 2, 2, 7, 7, 3, 5, 7, 3, 7, 3, 7, 6, 3, 6, 3, 5, 7, 6, 4, 5, 6, 7, 4, 3, 3, 4, 3, 7, 2, 3]
9, 0, [308.0, 649.0, 31875.0], [7, 6, 6, 6, 7, 5, 1, 2, 7, 7, 3, 5, 7, 3, 7, 3, 7, 7, 3, 6, 3, 3, 7, 6, 3, 5, 5, 7, 2, 7, 5, 5, 3, 7, 3, 3]
9, 1, [286.0, 632.0, 35000.0], [3, 7, 7, 1, 3, 6, 7, 1, 7, 7, 3, 7, 7, 3, 7, 3, 7, 7, 2, 5, 3, 3, 6, 6, 4, 3, 3, 7, 6, 5, 5, 5, 3, 7, 2, 2]
9, 2, [342.0, 631.0, 30625.0], [7, 7, 5, 6, 7, 3, 7, 5, 6, 7, 7, 1, 3, 7, 7, 3, 7, 6, 3, 6, 3, 5, 6, 6, 3, 2, 6, 7, 5, 6, 6, 2, 3, 7, 3, 6]
9, 3, [300.0, 637.0, 33125.0], [3, 7, 7, 1, 3, 6, 7, 2, 7, 7, 3, 5, 7, 3, 7, 3, 7, 7, 3, 6, 3, 7, 6, 6, 3, 3, 5, 7, 6, 5, 5, 2, 2, 7, 2, 2]
9, 4, [322.0, 639.0, 30625.0], [6, 6, 6, 6, 6, 3, 7, 5, 6, 7, 7, 1, 3, 7, 7, 3, 7, 6, 3, 6, 3, 5, 6, 7, 3, 2, 6, 7, 5, 5, 7, 2, 3, 7, 3, 5]
9, 5, [280.0, 641.0, 35000.0], [7, 6, 7, 6, 7, 6, 7, 7, 6, 7, 3, 6, 7, 3, 7, 3, 7, 7, 2, 5, 3, 7, 6, 6, 4, 3, 3, 7, 6, 5, 5, 5, 3, 7, 3, 3]
9, 6, [294.0, 652.0, 31250.0], [7, 6, 6, 6, 7, 5, 1, 2, 7, 7, 3, 5, 7, 3, 7, 3, 7, 7, 3, 7, 3, 3, 7, 6, 3, 5, 5, 7, 2, 7, 5, 5, 3, 7, 3, 6]
9, 7, [288.0, 651.0, 32500.0], [6, 6, 7, 3, 7, 3, 2, 1, 7, 7, 3, 5, 7, 3, 7, 3, 7, 7, 2, 5, 7, 7, 6, 6, 3, 2, 6, 7, 5, 6, 5, 5, 3, 7, 2, 3]
9, 8, [290.0, 643.0, 33125.0], [6, 6, 7, 3, 7, 3, 2, 1, 7, 7, 3, 5, 7, 3, 7, 3, 7, 7, 3, 6, 3, 7, 6, 6, 3, 3, 5, 7, 6, 5, 5, 7, 2, 7, 2, 2]
9, 9, [328.0, 636.0, 34375.0], [7, 7, 5, 6, 7, 3, 7, 5, 6, 7, 7, 1, 3, 7, 7, 3, 7, 7, 3, 6, 3, 3, 7, 6, 3, 5, 5, 7, 2, 1, 5, 5, 3, 7, 3, 3]
9, 10, [296.0, 632.0, 32500.0], [6, 6, 7, 1, 7, 3, 2, 1, 7, 7, 3, 3, 7, 3, 7, 3, 7, 7, 3, 6, 3, 5, 7, 6, 7, 2, 6, 7, 5, 6, 6, 2, 3, 7, 3, 6]
9, 11, [318.0, 633.0, 26250.0], [6, 6, 6, 6, 6, 5, 7, 5, 6, 7, 7, 1, 3, 4, 6, 6, 7, 1, 1, 6, 3, 3, 7, 7, 3, 5, 3, 7, 2, 5, 5, 5, 3, 7, 2, 3]
9, 12, [282.0, 648.0, 32500.0], [6, 6, 7, 3, 7, 3, 2, 1, 7, 7, 3, 5, 7, 3, 7, 3, 7, 7, 2, 5, 7, 7, 6, 6, 3, 2, 6, 7, 6, 5, 5, 5, 3, 7, 2, 3]
9, 13, [262.0, 639.0, 33750.0], [7, 7, 5, 6, 7, 3, 2, 2, 7, 7, 3, 5, 7, 3, 7, 3, 7, 7, 2, 5, 7, 7, 6, 6, 4, 3, 3, 7, 6, 5, 5, 5, 3, 7, 3, 3]
9, 14, [292.0, 652.0, 30625.0], [7, 7, 5, 6, 7, 3, 2, 2, 7, 7, 3, 5, 7, 3, 7, 3, 7, 7, 2, 5, 7, 7, 6, 6, 3, 2, 6, 7, 5, 6, 6, 2, 3, 7, 3, 2]
9, 15, [276.0, 636.0, 34375.0], [6, 7, 7, 2, 7, 3, 2, 2, 7, 7, 3, 5, 7, 3, 7, 3, 7, 7, 2, 5, 3, 7, 6, 6, 4, 3, 3, 7, 6, 5, 5, 5, 3, 7, 3, 2]
9, 16, [284.0, 632.0, 35000.0], [3, 7, 7, 1, 3, 6, 7, 1, 7, 7, 3, 7, 7, 3, 7, 3, 7, 7, 2, 5, 3, 7, 6, 6, 4, 3, 3, 7, 6, 5, 5, 5, 3, 7, 2, 2]
9, 17, [306.0, 639.0, 31250.0], [5, 6, 6, 6, 7, 5, 5, 2, 7, 7, 7, 7, 3, 4, 6, 6, 7, 1, 1, 6, 3, 3, 7, 7, 3, 3, 3, 7, 6, 5, 5, 5, 3, 7, 2, 3]
9, 18, [312.0, 609.0, 30625.0], [5, 7, 6, 6, 6, 5, 7, 5, 6, 7, 7, 1, 3, 4, 6, 6, 7, 1, 1, 6, 3, 3, 7, 7, 3, 5, 6, 7, 3, 4, 3, 4, 3, 7, 3, 3]
9, 19, [296.0, 649.0, 30000.0], [6, 6, 7, 2, 7, 3, 2, 2, 7, 7, 3, 5, 7, 3, 7, 3, 7, 2, 2, 5, 7, 7, 6, 6, 3, 2, 6, 7, 5, 6, 6, 2, 3, 7, 3, 6]
9, 20, [316.0, 639.0, 30000.0], [1, 7, 6, 6, 6, 5, 7, 5, 6, 7, 7, 1, 3, 7, 6, 6, 7, 1, 1, 6, 3, 3, 7, 7, 3, 3, 3, 7, 6, 5, 5, 5, 3, 7, 2, 2]
9, 21, [328.0, 621.0, 28750.0], [7, 7, 5, 6, 7, 3, 7, 5, 6, 7, 7, 1, 3, 7, 7, 3, 7, 7, 2, 5, 1, 7, 6, 6, 3, 2, 6, 7, 5, 6, 6, 2, 3, 7, 3, 6]
9, 22, [306.0, 640.0, 25000.0], [7, 7, 6, 6, 6, 5, 7, 5, 6, 7, 7, 1, 3, 7, 7, 3, 7, 3, 3, 6, 3, 5, 7, 6, 7, 5, 6, 7, 5, 5, 5, 2, 2, 7, 2, 2]
9, 23, [310.0, 607.0, 32500.0], [1, 7, 6, 6, 6, 5, 7, 5, 6, 7, 7, 1, 3, 7, 6, 6, 7, 1, 1, 6, 3, 3, 7, 7, 3, 3, 3, 7, 6, 4, 3, 4, 3, 7, 3, 6]
9, 24, [278.0, 637.0, 33125.0], [7, 7, 5, 6, 7, 3, 2, 2, 7, 7, 3, 5, 7, 3, 7, 3, 7, 1, 1, 6, 3, 3, 7, 6, 3, 3, 3, 7, 6, 5, 5, 5, 3, 7, 2, 5]
9, 25, [296.0, 648.0, 31875.0], [6, 6, 7, 3, 7, 3, 2, 2, 7, 7, 3, 5, 7, 3, 7, 3, 7, 7, 2, 5, 7, 7, 6, 6, 3, 2, 6, 7, 5, 6, 6, 2, 3, 7, 3, 6]
9, 26, [314.0, 637.0, 30000.0], [1, 7, 6, 6, 6, 5, 7, 5, 6, 7, 7, 1, 3, 7, 6, 6, 7, 1, 1, 6, 3, 3, 7, 7, 3, 3, 3, 7, 6, 5, 5, 5, 3, 7, 2, 5]
9, 27, [292.0, 650.0, 30625.0], [7, 7, 5, 6, 7, 3, 2, 2, 7, 7, 3, 5, 7, 3, 7, 3, 7, 7, 2, 5, 7, 7, 6, 6, 3, 2, 6, 7, 5, 6, 6, 2, 3, 7, 3, 6]
9, 28, [276.0, 641.0, 32500.0], [7, 7, 5, 6, 7, 3, 2, 5, 7, 7, 3, 5, 7, 3, 7, 3, 7, 7, 2, 5, 7, 7, 6, 6, 4, 3, 3, 7, 6, 5, 5, 5, 3, 7, 2, 3]
9, 29, [262.0, 634.0, 33750.0], [7, 7, 5, 6, 7, 3, 2, 1, 7, 7, 3, 5, 7, 3, 7, 3, 7, 7, 2, 5, 7, 7, 6, 6, 4, 3, 3, 7, 6, 5, 5, 5, 3, 7, 3, 3]
9, 30, [292.0, 617.0, 32500.0], [1, 7, 6, 6, 6, 5, 7, 5, 6, 7, 7, 1, 3, 7, 7, 3, 7, 6, 3, 6, 3, 3, 7, 7, 3, 5, 5, 7, 2, 3, 1, 2, 1, 7, 2, 3]
9, 31, [300.0, 606.0, 31875.0], [7, 7, 5, 6, 7, 3, 7, 5, 6, 7, 7, 1, 3, 7, 7, 3, 7, 6, 3, 6, 3, 5, 7, 6, 4, 5, 6, 7, 4, 3, 3, 4, 3, 7, 3, 6]
9, 32, [272.0, 647.0, 31250.0], [7, 7, 3, 6, 7, 3, 2, 2, 7, 7, 3, 5, 7, 3, 7, 3, 7, 3, 3, 6, 3, 5, 7, 6, 7, 5, 6, 7, 6, 5, 5, 2, 2, 7, 2, 2]
9, 33, [296.0, 648.0, 27500.0], [5, 6, 6, 6, 7, 5, 5, 2, 7, 7, 3, 5, 7, 3, 7, 3, 7, 7, 3, 6, 3, 7, 6, 6, 3, 3, 5, 7, 6, 5, 5, 7, 2, 7, 2, 2]
9, 34, [296.0, 646.0, 30625.0], [6, 6, 7, 1, 7, 3, 2, 2, 7, 7, 3, 5, 7, 3, 7, 3, 7, 7, 2, 5, 7, 7, 6, 6, 3, 2, 6, 7, 5, 6, 6, 2, 3, 7, 3, 6]
9, 35, [308.0, 638.0, 28125.0], [1, 7, 6, 6, 6, 5, 7, 5, 6, 7, 7, 1, 3, 7, 7, 3, 7, 6, 3, 6, 3, 3, 7, 6, 3, 3, 5, 7, 6, 5, 5, 7, 2, 7, 2, 2]
9, 36, [296.0, 645.0, 31875.0], [6, 6, 7, 3, 7, 3, 2, 1, 7, 7, 3, 5, 7, 3, 7, 3, 7, 7, 2, 5, 7, 7, 6, 6, 3, 2, 6, 7, 5, 6, 6, 2, 3, 7, 3, 2]
9, 37, [296.0, 645.0, 31875.0], [6, 6, 7, 3, 7, 3, 2, 1, 7, 7, 3, 5, 7, 3, 7, 3, 7, 7, 2, 5, 7, 7, 6, 6, 3, 2, 6, 7, 5, 6, 6, 2, 3, 7, 3, 5]
9, 38, [264.0, 634.0, 33125.0], [7, 6, 7, 6, 7, 6, 7, 7, 6, 7, 3, 6, 7, 3, 7, 3, 7, 7, 2, 5, 3, 7, 6, 6, 4, 3, 3, 7, 6, 5, 5, 5, 3, 7, 3, 6]
9, 39, [306.0, 626.0, 30625.0], [1, 7, 6, 6, 6, 5, 7, 5, 6, 7, 7, 1, 3, 7, 7, 3, 7, 6, 3, 6, 3, 3, 7, 7, 3, 5, 5, 7, 2, 3, 1, 2, 1, 7, 2, 1]
9, 40, [278.0, 631.0, 32500.0], [1, 7, 7, 1, 7, 3, 2, 1, 7, 7, 3, 5, 7, 3, 7, 3, 7, 7, 2, 5, 2, 7, 6, 6, 4, 3, 3, 7, 6, 5, 5, 5, 3, 7, 2, 3]
9, 41, [266.0, 628.0, 33125.0], [7, 7, 3, 6, 7, 3, 2, 2, 7, 7, 3, 5, 7, 3, 7, 3, 7, 7, 3, 6, 3, 5, 7, 6, 7, 5, 6, 7, 4, 3, 6, 5, 1, 7, 6, 6]
9, 42, [264.0, 642.0, 32500.0], [7, 7, 5, 6, 7, 3, 2, 1, 7, 7, 3, 5, 7, 3, 7, 3, 7, 7, 2, 5, 7, 3, 1, 6, 3, 3, 6, 7, 3, 5, 5, 5, 3, 7, 2, 5]
9, 43, [306.0, 638.0, 30000.0], [7, 6, 7, 6, 7, 6, 7, 7, 7, 7, 3, 5, 7, 3, 7, 3, 7, 7, 2, 5, 4, 3, 6, 6, 3, 2, 6, 7, 5, 6, 6, 2, 3, 7, 3, 2]
9, 44, [282.0, 627.0, 35000.0], [3, 7, 7, 1, 3, 6, 7, 1, 7, 7, 3, 7, 7, 3, 7, 3, 7, 7, 2, 5, 3, 7, 6, 6, 4, 3, 3, 7, 6, 5, 5, 5, 3, 7, 2, 6]
9, 45, [314.0, 609.0, 23750.0], [7, 7, 5, 6, 6, 5, 7, 5, 6, 7, 7, 1, 3, 7, 7, 3, 7, 6, 3, 6, 3, 5, 7, 6, 4, 5, 6, 7, 4, 3, 6, 5, 1, 7, 4, 1]
9, 46, [268.0, 627.0, 35000.0], [7, 7, 5, 6, 7, 3, 2, 1, 7, 7, 3, 5, 7, 3, 7, 3, 7, 7, 2, 5, 7, 7, 6, 6, 3, 3, 6, 7, 3, 4, 3, 4, 3, 7, 3, 6]
9, 47, [286.0, 649.0, 28125.0], [5, 6, 6, 6, 7, 5, 5, 2, 7, 7, 3, 5, 7, 3, 7, 3, 7, 7, 2, 5, 7, 7, 2, 6, 3, 2, 6, 7, 5, 6, 2, 2, 3, 7, 3, 7]
9, 48, [268.0, 638.0, 32500.0], [6, 6, 7, 2, 7, 3, 2, 2, 7, 7, 3, 5, 7, 3, 7, 3, 7, 7, 2, 5, 7, 7, 6, 6, 4, 3, 3, 7, 6, 5, 5, 5, 3, 7, 2, 3]
9, 49, [282.0, 625.0, 35000.0], [3, 7, 7, 1, 3, 6, 7, 1, 7, 7, 3, 7, 7, 3, 7, 3, 7, 7, 2, 5, 3, 7, 6, 6, 4, 3, 3, 7, 6, 5, 5, 5, 3, 7, 2, 4]
10, 0, [342.0, 631.0, 30625.0], [7, 7, 5, 6, 7, 3, 7, 5, 6, 7, 7, 1, 3, 7, 7, 3, 7, 6, 3, 6, 3, 5, 6, 6, 3, 2, 6, 7, 5, 6, 6, 2, 3, 7, 3, 6]
10, 1, [328.0, 636.0, 34375.0], [7, 7, 5, 6, 7, 3, 7, 5, 6, 7, 7, 1, 3, 7, 7, 3, 7, 7, 3, 6, 3, 3, 7, 6, 3, 5, 5, 7, 2, 1, 5, 5, 3, 7, 3, 3]
10, 2, [308.0, 655.0, 32500.0], [6, 6, 7, 3, 7, 3, 2, 2, 7, 7, 3, 5, 7, 3, 7, 3, 7, 7, 2, 5, 7, 7, 6, 6, 3, 2, 6, 7, 5, 6, 6, 2, 3, 7, 2, 3]
10, 3, [324.0, 644.0, 38125.0], [3, 7, 7, 1, 3, 6, 7, 1, 7, 7, 3, 7, 7, 3, 7, 3, 7, 7, 3, 6, 3, 3, 7, 6, 3, 5, 5, 7, 2, 2, 5, 5, 3, 7, 3, 3]
10, 4, [308.0, 649.0, 31875.0], [7, 6, 6, 6, 7, 5, 1, 2, 7, 7, 3, 5, 7, 3, 7, 3, 7, 7, 3, 6, 3, 3, 7, 6, 3, 5, 5, 7, 2, 7, 5, 5, 3, 7, 3, 3]
10, 5, [322.0, 639.0, 30625.0], [6, 6, 6, 6, 6, 3, 7, 5, 6, 7, 7, 1, 3, 7, 7, 3, 7, 6, 3, 6, 3, 5, 6, 7, 3, 2, 6, 7, 5, 5, 7, 2, 3, 7, 3, 5]
10, 6, [294.0, 652.0, 31250.0], [7, 6, 6, 6, 7, 5, 1, 2, 7, 7, 3, 5, 7, 3, 7, 3, 7, 7, 3, 7, 3, 3, 7, 6, 3, 5, 5, 7, 2, 7, 5, 5, 3, 7, 3, 6]
10, 7, [288.0, 651.0, 32500.0], [6, 6, 7, 3, 7, 3, 2, 1, 7, 7, 3, 5, 7, 3, 7, 3, 7, 7, 2, 5, 7, 7, 6, 6, 3, 2, 6, 7, 5, 6, 5, 5, 3, 7, 2, 3]
10, 8, [290.0, 643.0, 33125.0], [6, 6, 7, 3, 7, 3, 2, 1, 7, 7, 3, 5, 7, 3, 7, 3, 7, 7, 3, 6, 3, 7, 6, 6, 3, 3, 5, 7, 6, 5, 5, 7, 2, 7, 2, 2]
10, 9, [328.0, 621.0, 28750.0], [7, 7, 5, 6, 7, 3, 7, 5, 6, 7, 7, 1, 3, 7, 7, 3, 7, 7, 2, 5, 1, 7, 6, 6, 3, 2, 6, 7, 5, 6, 6, 2, 3, 7, 3, 6]
10, 10, [312.0, 636.0, 31250.0], [3, 7, 7, 1, 3, 6, 7, 1, 7, 7, 3, 7, 7, 3, 7, 3, 7, 7, 2, 5, 3, 7, 6, 6, 4, 3, 6, 7, 5, 5, 5, 2, 2, 7, 2, 2]
10, 11, [284.0, 631.0, 36250.0], [3, 7, 7, 1, 3, 6, 7, 1, 7, 7, 3, 7, 7, 3, 7, 3, 7, 7, 2, 5, 3, 7, 6, 6, 4, 3, 3, 7, 6, 5, 5, 5, 3, 7, 3, 2]
10, 12, [280.0, 642.0, 33750.0], [7, 7, 5, 6, 7, 3, 2, 5, 7, 7, 3, 5, 7, 3, 7, 3, 7, 7, 2, 5, 7, 7, 6, 6, 4, 3, 3, 7, 6, 5, 5, 5, 3, 7, 3, 3]
10, 13, [332.0, 612.0, 30625.0], [7, 7, 4, 6, 7, 3, 7, 5, 6, 7, 7, 1, 3, 7, 7, 3, 7, 6, 3, 6, 3, 5, 6, 6, 3, 2, 6, 7, 5, 6, 6, 2, 3, 7, 3, 6]
10, 14, [316.0, 612.0, 33750.0], [7, 7, 5, 6, 7, 3, 7, 5, 6, 7, 7, 1, 3, 7, 7, 3, 7, 6, 3, 6, 3, 5, 7, 6, 4, 5, 6, 7, 4, 3, 3, 4, 3, 7, 3, 3]
10, 15, [306.0, 641.0, 35625.0], [1, 7, 7, 3, 7, 3, 2, 1, 7, 7, 3, 5, 7, 3, 7, 3, 7, 7, 3, 6, 3, 7, 6, 6, 3, 3, 5, 7, 6, 5, 5, 3, 2, 7, 2, 2]
10, 16, [280.0, 654.0, 29375.0], [6, 6, 6, 6, 6, 3, 7, 5, 6, 7, 3, 5, 7, 3, 7, 3, 7, 7, 2, 5, 7, 7, 6, 6, 3, 2, 7, 7, 5, 5, 2, 2, 3, 7, 3, 7]
10, 17, [286.0, 632.0, 35000.0], [3, 7, 7, 1, 3, 6, 7, 1, 7, 7, 3, 7, 7, 3, 7, 3, 7, 7, 2, 5, 3, 3, 6, 6, 4, 3, 3, 7, 6, 5, 5, 5, 3, 7, 2, 2]
10, 18, [300.0, 637.0, 33125.0], [3, 7, 7, 1, 3, 6, 7, 2, 7, 7, 3, 5, 7, 3, 7, 3, 7, 7, 3, 6, 3, 7, 6, 6, 3, 3, 5, 7, 6, 5, 5, 2, 2, 7, 2, 2]
10, 19, [280.0, 641.0, 35000.0], [7, 6, 7, 6, 7, 6, 7, 7, 6, 7, 3, 6, 7, 3, 7, 3, 7, 7, 2, 5, 3, 7, 6, 6, 4, 3, 3, 7, 6, 5, 5, 5, 3, 7, 3, 3]
10, 20, [318.0, 633.0, 26250.0], [6, 6, 6, 6, 6, 5, 7, 5, 6, 7, 7, 1, 3, 4, 6, 6, 7, 1, 1, 6, 3, 3, 7, 7, 3, 5, 3, 7, 2, 5, 5, 5, 3, 7, 2, 3]
10, 21, [282.0, 648.0, 32500.0], [6, 6, 7, 3, 7, 3, 2, 1, 7, 7, 3, 5, 7, 3, 7, 3, 7, 7, 2, 5, 7, 7, 6, 6, 3, 2, 6, 7, 6, 5, 5, 5, 3, 7, 2, 3]
10, 22, [292.0, 652.0, 30625.0], [7, 7, 5, 6, 7, 3, 2, 2, 7, 7, 3, 5, 7, 3, 7, 3, 7, 7, 2, 5, 7, 7, 6, 6, 3, 2, 6, 7, 5, 6, 6, 2, 3, 7, 3, 2]
10, 23, [306.0, 639.0, 31250.0], [5, 6, 6, 6, 7, 5, 5, 2, 7, 7, 7, 7, 3, 4, 6, 6, 7, 1, 1, 6, 3, 3, 7, 7, 3, 3, 3, 7, 6, 5, 5, 5, 3, 7, 2, 3]
10, 24, [312.0, 609.0, 30625.0], [5, 7, 6, 6, 6, 5, 7, 5, 6, 7, 7, 1, 3, 4, 6, 6, 7, 1, 1, 6, 3, 3, 7, 7, 3, 5, 6, 7, 3, 4, 3, 4, 3, 7, 3, 3]
10, 25, [296.0, 649.0, 30000.0], [6, 6, 7, 2, 7, 3, 2, 2, 7, 7, 3, 5, 7, 3, 7, 3, 7, 2, 2, 5, 7, 7, 6, 6, 3, 2, 6, 7, 5, 6, 6, 2, 3, 7, 3, 6]
10, 26, [316.0, 639.0, 30000.0], [1, 7, 6, 6, 6, 5, 7, 5, 6, 7, 7, 1, 3, 7, 6, 6, 7, 1, 1, 6, 3, 3, 7, 7, 3, 3, 3, 7, 6, 5, 5, 5, 3, 7, 2, 2]
10, 27, [306.0, 640.0, 25000.0], [7, 7, 6, 6, 6, 5, 7, 5, 6, 7, 7, 1, 3, 7, 7, 3, 7, 3, 3, 6, 3, 5, 7, 6, 7, 5, 6, 7, 5, 5, 5, 2, 2, 7, 2, 2]
10, 28, [310.0, 607.0, 32500.0], [1, 7, 6, 6, 6, 5, 7, 5, 6, 7, 7, 1, 3, 7, 6, 6, 7, 1, 1, 6, 3, 3, 7, 7, 3, 3, 3, 7, 6, 4, 3, 4, 3, 7, 3, 6]
10, 29, [296.0, 648.0, 31875.0], [6, 6, 7, 3, 7, 3, 2, 2, 7, 7, 3, 5, 7, 3, 7, 3, 7, 7, 2, 5, 7, 7, 6, 6, 3, 2, 6, 7, 5, 6, 6, 2, 3, 7, 3, 6]
10, 30, [304.0, 648.0, 30625.0], [7, 6, 6, 6, 7, 5, 1, 2, 7, 7, 3, 5, 7, 3, 7, 3, 7, 7, 3, 6, 3, 3, 7, 6, 3, 5, 5, 7, 2, 7, 5, 5, 3, 7, 2, 3]
10, 31, [306.0, 634.0, 33125.0], [3, 7, 7, 1, 3, 6, 7, 1, 7, 7, 3, 7, 7, 3, 7, 3, 7, 7, 2, 5, 1, 7, 6, 6, 3, 2, 6, 7, 6, 5, 5, 5, 3, 7, 2, 3]
10, 32, [292.0, 625.0, 35625.0], [3, 7, 7, 6, 7, 3, 2, 1, 7, 7, 3, 5, 7, 3, 7, 3, 7, 7, 2, 5, 5, 7, 6, 6, 3, 3, 6, 7, 3, 4, 3, 4, 3, 7, 3, 6]
10, 33, [262.0, 639.0, 33750.0], [7, 7, 5, 6, 7, 3, 2, 2, 7, 7, 3, 5, 7, 3, 7, 3, 7, 7, 2, 5, 7, 7, 6, 6, 4, 3, 3, 7, 6, 5, 5, 5, 3, 7, 3, 3]
10, 34, [284.0, 632.0, 35000.0], [3, 7, 7, 1, 3, 6, 7, 1, 7, 7, 3, 7, 7, 3, 7, 3, 7, 7, 2, 5, 3, 7, 6, 6, 4, 3, 3, 7, 6, 5, 5, 5, 3, 7, 2, 2]
10, 35, [314.0, 637.0, 30000.0], [1, 7, 6, 6, 6, 5, 7, 5, 6, 7, 7, 1, 3, 7, 6, 6, 7, 1, 1, 6, 3, 3, 7, 7, 3, 3, 3, 7, 6, 5, 5, 5, 3, 7, 2, 5]
10, 36, [292.0, 650.0, 30625.0], [7, 7, 5, 6, 7, 3, 2, 2, 7, 7, 3, 5, 7, 3, 7, 3, 7, 7, 2, 5, 7, 7, 6, 6, 3, 2, 6, 7, 5, 6, 6, 2, 3, 7, 3, 6]
10, 37, [296.0, 648.0, 27500.0], [5, 6, 6, 6, 7, 5, 5, 2, 7, 7, 3, 5, 7, 3, 7, 3, 7, 7, 3, 6, 3, 7, 6, 6, 3, 3, 5, 7, 6, 5, 5, 7, 2, 7, 2, 2]
10, 38, [306.0, 626.0, 30625.0], [1, 7, 6, 6, 6, 5, 7, 5, 6, 7, 7, 1, 3, 7, 7, 3, 7, 6, 3, 6, 3, 3, 7, 7, 3, 5, 5, 7, 2, 3, 1, 2, 1, 7, 2, 1]
10, 39, [308.0, 639.0, 28125.0], [6, 7, 6, 6, 6, 5, 7, 5, 6, 7, 7, 1, 3, 7, 7, 3, 7, 6, 3, 6, 3, 3, 7, 6, 3, 3, 5, 7, 6, 5, 5, 7, 2, 7, 2, 2]
10, 40, [272.0, 647.0, 31250.0], [7, 7, 3, 6, 7, 3, 2, 2, 7, 7, 3, 5, 7, 3, 7, 3, 7, 3, 3, 6, 3, 5, 7, 6, 7, 5, 6, 7, 6, 5, 5, 2, 2, 7, 2, 2]
10, 41, [264.0, 642.0, 32500.0], [7, 7, 5, 6, 7, 3, 2, 1, 7, 7, 3, 5, 7, 3, 7, 3, 7, 7, 2, 5, 7, 3, 1, 6, 3, 3, 6, 7, 3, 5, 5, 5, 3, 7, 2, 5]
10, 42, [286.0, 630.0, 34375.0], [3, 7, 7, 1, 3, 6, 7, 1, 7, 7, 3, 7, 7, 3, 7, 3, 7, 7, 2, 5, 1, 7, 6, 6, 4, 3, 3, 7, 6, 5, 5, 5, 3, 7, 2, 3]
10, 43, [278.0, 637.0, 33125.0], [7, 7, 5, 6, 7, 3, 2, 2, 7, 7, 3, 5, 7, 3, 7, 3, 7, 1, 1, 6, 3, 3, 7, 6, 3, 3, 3, 7, 6, 5, 5, 5, 3, 7, 2, 5]
10, 44, [302.0, 634.0, 33125.0], [3, 7, 7, 1, 3, 6, 7, 1, 7, 7, 3, 7, 7, 3, 7, 3, 7, 7, 2, 5, 3, 3, 6, 6, 4, 3, 3, 7, 6, 5, 5, 5, 2, 7, 2, 2]
10, 45, [276.0, 636.0, 34375.0], [6, 7, 7, 2, 7, 3, 2, 2, 7, 7, 3, 5, 7, 3, 7, 3, 7, 7, 2, 5, 3, 7, 6, 6, 4, 3, 3, 7, 6, 5, 5, 5, 3, 7, 3, 2]
10, 46, [296.0, 645.0, 31875.0], [6, 6, 7, 3, 7, 3, 2, 1, 7, 7, 3, 5, 7, 3, 7, 3, 7, 7, 2, 5, 7, 7, 6, 6, 3, 2, 6, 7, 5, 6, 6, 2, 3, 7, 3, 5]
10, 47, [290.0, 637.0, 32500.0], [6, 6, 7, 1, 7, 3, 2, 2, 7, 7, 3, 3, 7, 3, 7, 3, 7, 7, 3, 6, 3, 5, 7, 6, 7, 2, 6, 7, 5, 6, 6, 2, 3, 7, 3, 6]
10, 48, [306.0, 638.0, 30000.0], [7, 6, 7, 6, 7, 6, 7, 7, 7, 7, 3, 5, 7, 3, 7, 3, 7, 7, 2, 5, 4, 3, 6, 6, 3, 2, 6, 7, 5, 6, 6, 2, 3, 7, 3, 2]
10, 49, [296.0, 645.0, 31875.0], [6, 6, 7, 3, 7, 3, 2, 1, 7, 7, 3, 5, 7, 3, 7, 3, 7, 7, 2, 5, 7, 7, 6, 6, 3, 2, 6, 7, 5, 6, 6, 2, 3, 7, 3, 2]
